name,education,skills,skill_proficiency,contact,social_profiles,location,preferred_locations,preferred_fields,avoid_fields,preferred_mode,preferred_stipend,projects,experience_level,resume_text,saved_jobs,applied_jobs,rejected_jobs,interviewed_jobs,genre_time_spent,genre_clicks,location_time_spent,location_clicks,career_goal,last_active,activity_score,candidate_id
Rohan Mehta,"B.Tech in Computer Science, 3rd Year","['Python', 'Machine Learning', 'Data Analysis']","{'Python': 0.9, 'Machine Learning': 0.75, 'Data Analysis': 0.82}","{'email': 'rohan.mehta@example.com', 'phone': '9876543210'}","{'linkedin': 'https://linkedin.com/in/rohanm', 'github': 'https://github.com/rohanm'}",Mumbai,"['Bangalore', 'Hyderabad']","['Machine Learning', 'Data Science']",['Sales'],remote,15000.0,"['House Price Prediction Model', 'Netflix Recommendation System']",intermediate,"Motivated and detail-oriented machine learning student with strong foundations in Python, statistics, and algorithmic thinking. I have completed multiple hands-on projects involving data preprocessing, model selection, and performance tuning using Scikit-Learn and TensorFlow. My coursework includes advanced subjects such as data mining, neural networks, and natural language processing, supported by practical application in academic research tasks. I am comfortable working with real-world datasets, handling missing values, performing feature engineering, and evaluating models using cross-validation. I have participated in Kaggle competitions where I practiced exploratory data analysis and predictive model development. I also have experience collaborating with peers for mini-projects and hackathons, where I contributed to code structuring and documentation. Apart from technical skills, I possess strong communication abilities and can explain complex analytical insights to non-technical audiences. I am eager to apply machine learning concepts to solve impactful problems in real industry settings.","['JOB_006', 'JOB_112', 'JOB_005']",['JOB_006'],[],[],"{'ml': 15.2, 'data': 8.1}","{'ml': 12, 'data': 5}",{'Bangalore': 10.5},{'Bangalore': 7},Become a Machine Learning Engineer,2025-01-20T15:45:00,0.87,candidate_1
Aditi Sharma,"B.Des in Graphic Design, 2nd Year","['Photoshop', 'Illustrator', 'Canva']","{'Photoshop': 0.85, 'Illustrator': 0.78, 'Canva': 0.92}","{'email': 'aditi.sharma@example.com', 'phone': '9821304501'}","{'linkedin': 'https://linkedin.com/in/aditidesign', 'github': ''}",Delhi,"['Delhi', 'Mumbai']","['Graphic Design', 'Branding']",['Finance'],onsite,8000.0,"['Travel Brochure Design', 'Brand Identity Kit']",beginner,"Creative and passionate design student with a strong interest in branding, typography, and visual storytelling. I have hands-on experience with Adobe Photoshop, Illustrator, and Canva, which I have used extensively in academic and freelance design work. My project work includes logo design, social media creatives, brochures, and poster layouts, where I focus on clean aesthetics and meaningful color usage. I enjoy transforming abstract concepts into engaging visual content that aligns with client or brand intent. I have collaborated with student groups and small local businesses to create marketing assets, gaining practical insights into client communication and iterative design processes. My strengths lie in creative thinking, understanding visual hierarchy, and delivering polished designs within deadlines. I constantly explore modern design trends and UI concepts to expand my creative vocabulary. I am eager to work with design teams to build impactful visuals that support strong brand identity.","['JOB_002', 'JOB_013']",['JOB_002'],['JOB_037'],[],{'design': 20.5},{'design': 18},{'Delhi': 12.3},{'Delhi': 10},Become a Creative Director,2025-01-18T13:20:00,0.79,candidate_2
Sarthak Jain,"B.Com Accounting, Final Year","['Tally', 'MS Excel', 'Bookkeeping', 'GST Filing']","{'Tally': 0.88, 'MS Excel': 0.92, 'Bookkeeping': 0.89}","{'email': 'sarthak.jain@example.com', 'phone': '9812345678'}","{'linkedin': 'https://linkedin.com/in/sarthakj', 'github': ''}",Jaipur,"['Jaipur', 'Gurgaon']","['Accounting', 'Finance']",['Marketing'],onsite,10000.0,['Automated Financial Ledger in Excel'],intermediate,"Detail-oriented commerce student with strong academic grounding in accounting principles, taxation, and financial reporting. I have worked extensively with Tally, Excel, and Google Sheets to create and manage financial records for college-based business simulations. My coursework includes advanced topics such as cost accounting, corporate finance, and auditing, which I have applied in multiple semester projects. I have assisted local small businesses with inventory records and simple bookkeeping tasks, giving me hands-on exposure to practical financial workflows. I am proficient in preparing balance sheets, cash flow statements, and GST summaries with high accuracy. My strengths include attention to detail, structured documentation, and the ability to analyze discrepancies in financial statements. I enjoy working with numbers and ensuring compliance with financial standards. I hope to grow in roles involving financial analysis, audit support, or accounts management.","['JOB_015', 'JOB_007']",['JOB_015'],[],['JOB_015'],{'finance': 14.2},{'finance': 11},{'Jaipur': 5.4},{'Jaipur': 4},Work as a Financial Analyst,2025-01-19T09:15:00,0.72,candidate_3
Neha Verma,"MBA in Human Resources, 1st Year","['Recruitment', 'Communication', 'HR Policies', 'Interview Screening']","{'Recruitment': 0.8, 'Communication': 0.9}","{'email': 'neha.verma@example.com', 'phone': '9090909090'}","{'linkedin': 'https://linkedin.com/in/nehav', 'github': ''}",Pune,"['Pune', 'Mumbai']","['Human Resources', 'Talent Acquisition']",['Technical Roles'],hybrid,12000.0,['Employee Onboarding Optimization Study'],intermediate,"Highly driven HR management student with strong interpersonal and communication skills, passionate about creating efficient workforce processes. I have participated in multiple HR case competitions, gaining first-hand experience in employee engagement, conflict resolution, and recruitment workflow design. My academic background highlights foundational HR subjects including labor laws, compensation structure, and organizational behavior. I have worked on college-led mock recruitment drives where I handled job posting, resume screening, and candidate coordination. I enjoy interacting with people, understanding their motivations, and helping match them with suitable opportunities. My strengths include empathetic listening, professional communication, and structured documentation of HR processes. I aspire to join a dynamic HR team where I can contribute to recruitment, onboarding, and employee engagement initiatives.","['JOB_008', 'JOB_019']",['JOB_019'],[],[],{'hr': 12.1},{'hr': 10},{'Pune': 7.5},{'Pune': 4},Become an HR Manager,2025-01-19T17:30:00,0.77,candidate_4
Arjun Singh,"B.Tech Mechanical Engineering, 4th Year","['CAD', 'SolidWorks', 'Manufacturing Processes']","{'CAD': 0.85, 'SolidWorks': 0.88}","{'email': 'arjun.singh@example.com', 'phone': '9811198765'}","{'linkedin': 'https://linkedin.com/in/arjuns', 'github': ''}",Lucknow,"['Noida', 'Pune']","['Mechanical Design', 'Quality Engineering']",['Sales'],onsite,13000.0,"['3D Engine Assembly Model', 'Automated Gear Design System']",intermediate,"Dedicated mechanical engineering student with strong experience in CAD modeling, design validation, and manufacturing workflows. I have completed several academic and self-driven projects involving SolidWorks and AutoCAD, where I designed mechanical components and assemblies. My coursework includes machine design, strength of materials, thermodynamics, and industrial engineering. I have worked with college robotics teams and contributed to mechanical subsystem designs. My project experience includes FEA simulations, load analysis, and creating engineering drawings with strict tolerances. I have interned at a local workshop where I gained exposure to machining processes, quality checks, and industrial safety practices. I am highly interested in design engineering roles where I can apply technical concepts to create efficient and practical mechanical solutions.","['JOB_046', 'JOB_067']",['JOB_067'],[],['JOB_067'],{'mechanical': 14.3},{'mechanical': 9},{'Noida': 6.7},{'Noida': 3},Become a Mechanical Design Engineer,2025-01-18T10:25:00,0.74,candidate_5
Kavya Iyer,"BA in English Literature, 2nd Year","['Content Writing', 'Editing', 'Research']","{'Content Writing': 0.9, 'Editing': 0.88}","{'email': 'kavya.iyer@example.com', 'phone': '9087654321'}","{'linkedin': 'https://linkedin.com/in/kavyai', 'github': ''}",Chennai,"['Chennai', 'Bangalore']","['Content Writing', 'Copywriting']",['Technical Roles'],remote,6000.0,"['College Magazine Editor', 'Blog Series on Media Literacy']",intermediate,"Enthusiastic writer with strong command over English language, storytelling structure, and creative concepts. I have worked as an editor for my college magazine where I handled proofreading, conceptual editing, and content restructuring. My writing experience includes articles, blogs, scripts, and social media posts across literature, lifestyle, and education domains. I enjoy researching diverse topics and converting complex information into clear, reader-friendly content. I have collaborated with student clubs and educational groups to create digital campaigns, improving my understanding of content strategy. I am skilled at maintaining a consistent tone while adapting writing style based on brand requirements. I am eager to explore opportunities where I can contribute meaningful, high-quality written content.","['JOB_009', 'JOB_025', 'JOB_107']",['JOB_009'],[],[],{'content': 22.5},{'content': 20},{'Chennai': 11.3},{'Chennai': 6},Become a Content Strategist,2025-01-21T12:45:00,0.89,candidate_6
Dhruv Patel,"BBA Marketing, 3rd Year","['Digital Marketing', 'Analytics', 'Social Media']","{'Digital Marketing': 0.82, 'Analytics': 0.75}","{'email': 'dhruv.patel@example.com', 'phone': '9091234567'}","{'linkedin': 'https://linkedin.com/in/dhruvp', 'github': ''}",Ahmedabad,"['Ahmedabad', 'Mumbai']","['Digital Marketing', 'Performance Marketing']",['Finance'],remote,9000.0,['Instagram Growth Strategy Case Study'],intermediate,"Goal-oriented marketing student with strong analytical skills and understanding of digital consumer behavior. I have worked on several social media campaigns for student clubs, handling content calendars, engagement strategies, and basic advertising tools. I have completed certified courses in SEO, Google Ads, and analytics platforms. My hands-on experience includes evaluating campaign performance, defining KPIs, and suggesting improvements based on insights. I enjoy studying market trends and creating strategic content that aligns with audience expectations. Collaborative and detail-oriented, I love working with creative teams to build digital brand presence. I aspire to grow in digital marketing roles where I can develop impactful campaigns driven by data.","['JOB_004', 'JOB_029']",['JOB_029'],[],[],{'marketing': 18.2},{'marketing': 14},{'Ahmedabad': 9.1},{'Ahmedabad': 4},Become a Digital Marketing Strategist,2025-01-20T11:10:00,0.81,candidate_7
Meera Kapoor,"B.Sc Data Science, 2nd Year","['Python', 'SQL', 'Statistics', 'Data Visualization']","{'Python': 0.88, 'SQL': 0.84, 'Statistics': 0.9}","{'email': 'meera.kapoor@example.com', 'phone': '9812398765'}","{'linkedin': 'https://linkedin.com/in/meerak', 'github': 'https://github.com/meerak'}",Gurgaon,"['Gurgaon', 'Bangalore']","['Data Analytics', 'Business Intelligence']",['Sales'],remote,14000.0,"['E-Commerce Customer Segmentation', 'Air Quality Dashboard']",intermediate,"Analytical and data-driven student pursuing a degree in data science with strong foundations in Python, SQL, and statistics. I have developed interactive dashboards and analytical reports using Tableau and Power BI. My academic projects include exploratory data analysis, customer behavior modeling, and time series forecasting. I excel at transforming raw data into actionable insights and enjoy working on real-world datasets to uncover meaningful trends. My strengths include attention to detail, structured problem solving, and visual communication of data findings. I have worked on collaborative projects involving dataset cleaning, data pipeline creation, and visualization. I am motivated to contribute to analytical roles that require critical thinking and data storytelling.","['JOB_005', 'JOB_059']",['JOB_005'],['JOB_052'],[],{'data': 21.5},{'data': 17},{'Gurgaon': 13.3},{'Gurgaon': 8},Become a Business Analyst,2025-01-19T12:55:00,0.84,candidate_8
Zoya Khan,"B.A Psychology, 3rd Year","['Counseling', 'Communication', 'Case Study Analysis']","{'Counseling': 0.78, 'Communication': 0.88}","{'email': 'zoya.khan@example.com', 'phone': '9123456780'}","{'linkedin': 'https://linkedin.com/in/zoyak', 'github': ''}",Hyderabad,['Hyderabad'],"['Counseling', 'HR']",['Technical'],onsite,7000.0,['Emotional Wellbeing Research Report'],beginner,"Empathetic and compassionate psychology student with a strong interest in human behavior, mental wellbeing, and personal development. I have participated in peer counseling programs and university-led mental health initiatives where I assisted in conducting awareness sessions. My coursework includes behavioral psychology, cognitive science, and counseling techniques. I have experience analyzing case studies, preparing research summaries, and maintaining confidential client notes under supervision. I am dedicated to fostering supportive communication and creating safe environments for individuals seeking help. I am motivated to contribute to roles involving counseling support, HR engagement, or wellbeing initiatives.","['JOB_079', 'JOB_053', 'JOB_117']",['JOB_117'],[],[],{'hr': 10.8},{'hr': 6},{'Hyderabad': 7.2},{'Hyderabad': 4},Become a Counseling Psychologist,2025-01-21T09:45:00,0.76,candidate_9
Rajat Deshmukh,"BCA, 3rd Year","['JavaScript', 'React', 'HTML', 'CSS']","{'JavaScript': 0.84, 'React': 0.8, 'CSS': 0.78}","{'email': 'rajat.deshmukh@example.com', 'phone': '9876512345'}","{'linkedin': 'https://linkedin.com/in/rajatd', 'github': 'https://github.com/rajatd'}",Nagpur,"['Pune', 'Bangalore']","['Frontend Development', 'UI Engineering']",['Backend'],remote,16000.0,"['Responsive Portfolio Website', 'React To-Do App']",intermediate,"Frontend-focused development student with growing expertise in HTML, CSS, JavaScript, and React. I have built multiple responsive websites and single-page applications that demonstrate clean design and optimized performance. My understanding of UI/UX principles helps me create user-friendly interfaces. I regularly explore component-based architecture, state management, and API integration. I have collaborated with peers on group projects involving version control with Git and modular coding practices. I enjoy converting design wireframes into functional, accessible, and efficient code. I aim to further improve my frontend development skills and contribute to impactful UI engineering projects.","['JOB_030', 'JOB_003']",['JOB_030'],['JOB_013'],[],{'frontend': 19.4},{'frontend': 14},{'Pune': 9.7},{'Pune': 5},Become a Frontend Developer,2025-01-20T10:50:00,0.83,candidate_10
Ishaan Malhotra,"B.Tech in Information Technology, 2nd Year","['Python', 'Django', 'SQL', 'Git']","{'Python': 0.86, 'Django': 0.74, 'SQL': 0.81}","{'email': 'ishaan.malhotra@example.com', 'phone': '9876501234'}","{'linkedin': 'https://linkedin.com/in/ishaanm', 'github': 'https://github.com/ishaanm'}",Bangalore,"['Bangalore', 'Hyderabad']","['Backend Development', 'Software Engineering']",['Design'],remote,15000.0,"['Blog Application using Django', 'Student Result Management System']",intermediate,"A highly motivated IT engineering student with hands-on experience in backend development and relational database systems. I have built several Django-based applications that incorporate user authentication, CRUD operations, and SQL database connectivity. My academic work includes system design, algorithms, and object-oriented programming, which I consistently apply to personal and college projects. I enjoy understanding how servers, APIs, and data flow interact to support scalable software systems. I have collaborated with peers in coding clubs where we tackled mini software development challenges and participated in debugging competitions. I am comfortable using Git for version control and have practiced writing modular, clean, and well-documented code. I aim to deepen my backend engineering knowledge and contribute to high-performance software development teams.",['JOB_016'],['JOB_016'],[],[],{'backend': 18.4},{'backend': 14},{'Bangalore': 10.2},{'Bangalore': 6},Become a Backend Developer,2025-01-20T14:40:00,0.86,candidate_11
Simran Kaur,"B.Sc Biotechnology, 3rd Year","['Lab Research', 'Data Entry', 'Scientific Writing']","{'Lab Research': 0.82, 'Scientific Writing': 0.85}","{'email': 'simran.kaur@example.com', 'phone': '9988776655'}","{'linkedin': 'https://linkedin.com/in/simrank', 'github': ''}",Mohali,"['Mohali', 'Chandigarh']","['Research', 'Biotechnology']",['Engineering'],onsite,9000.0,['DNA Extraction Experiment Study'],beginner,"Biotechnology student with strong interest in molecular biology, lab experimentation, and scientific research. I have participated in multiple laboratory sessions where I gained practical experience in DNA extraction, microscopy, and chemical handling. My coursework has given me a deep understanding of genetics, microbiology, and bioprocess engineering. I have prepared several academic reports showcasing my ability to analyze scientific data and present conclusions clearly. I work well in structured lab environments and follow safety guidelines with precision. I enjoy teamwork during lab activities and value accuracy and thoroughness in all experimental procedures. I am eager to contribute to lab research roles that require discipline, strong documentation, and analytical thinking.","['JOB_044', 'JOB_082']",['JOB_044'],[],[],{'research': 14.6},{'research': 10},{'Mohali': 5.7},{'Mohali': 3},Become a Research Scientist,2025-01-19T11:10:00,0.74,candidate_12
Kabir Rastogi,"BBA Hospitality, 2nd Year","['Customer Service', 'Communication', 'Event Coordination']","{'Customer Service': 0.88, 'Communication': 0.84}","{'email': 'kabir.rastogi@example.com', 'phone': '9876123409'}","{'linkedin': 'https://linkedin.com/in/kabirr', 'github': ''}",Goa,"['Goa', 'Mumbai']","['Hospitality', 'Customer Relations']",['Technical'],onsite,11000.0,['Event Management Internship with Hotel Club Vista'],intermediate,"Hospitality and management student with strong interpersonal skills and experience assisting in event coordination programs. I have worked as a student volunteer in several resort-level events, where I handled guest inquiries, table reservations, and on-ground coordination. My coursework includes hospitality operations, front desk management, and customer psychology. I am skilled at addressing customer concerns professionally and ensuring smooth operations during peak hours. I enjoy interacting with diverse groups of people and creating positive guest experiences. Through practical training sessions, I have developed strong organizational abilities, time management, and team collaboration skills. I aim to contribute to hospitality roles that require customer handling, event support, and operational excellence.","['JOB_058', 'JOB_034']",['JOB_034'],[],['JOB_034'],{'hospitality': 17.3},{'hospitality': 12},{'Goa': 8.6},{'Goa': 5},Become a Guest Relations Manager,2025-01-20T09:55:00,0.78,candidate_13
Pooja Nair,"B.Sc Computer Science, 3rd Year","['C++', 'Data Structures', 'Operating Systems']","{'C++': 0.82, 'Data Structures': 0.86}","{'email': 'pooja.nair@example.com', 'phone': '9988012345'}","{'linkedin': 'https://linkedin.com/in/poojanair', 'github': 'https://github.com/poojanair'}",Kochi,"['Bangalore', 'Chennai']","['Software Engineering', 'Backend Development']",['Sales'],remote,13000.0,"['Hospital Management System in C++', 'Threading Simulation Program']",intermediate,"Driven computer science student with strong theoretical and practical understanding of OS concepts, data structures, and programming paradigms. I have implemented multiple C++ projects focusing on memory management, multithreading, and algorithmic performance. My academic journey has included system-level assignments, scheduling simulations, and data structure optimization tasks. I actively participate in coding contests and problem-solving clubs that strengthen my logical reasoning and competitive coding abilities. I enjoy working on low-level programming challenges and exploring how system components interact internally. I am comfortable with Git, Linux environments, and debugging tools. My goal is to contribute to software engineering teams that value clean code, reliability, and system efficiency.","['JOB_016', 'JOB_057']",['JOB_016'],[],[],{'software': 20.4},{'software': 16},{'Bangalore': 9.9},{'Bangalore': 4},Become a Software Engineer,2025-01-20T13:20:00,0.82,candidate_14
Farhan Ali,"B.Com Finance, 2nd Year","['MS Excel', 'Financial Analysis', 'Tally']","{'MS Excel': 0.88, 'Financial Analysis': 0.8}","{'email': 'farhan.ali@example.com', 'phone': '9090876543'}","{'linkedin': 'https://linkedin.com/in/farhana', 'github': ''}",Mumbai,"['Mumbai', 'Pune']","['Finance', 'Investment Research']",['Marketing'],onsite,10000.0,['Stock Price Analysis Report'],beginner,"Finance student with strong aptitude for financial calculations, market analysis, and investment basics. I have worked on academic projects involving company valuation and stock performance comparison using Excel. I possess solid understanding of accounting principles and financial reporting. I enjoy studying market trends and evaluating companies based on fundamental indicators. I am proficient in preparing spreadsheets, charts, and financial summaries with accuracy. Strong numerical ability and disciplined work habits help me maintain high-quality documentation. I am seeking opportunities in finance roles that involve research, valuation assistance, or financial modeling.","['JOB_023', 'JOB_110']",['JOB_023'],[],[],{'finance': 16.3},{'finance': 14},{'Mumbai': 7.8},{'Mumbai': 4},Become a Financial Analyst,2025-01-19T18:55:00,0.73,candidate_15
Tanisha Gupta,"B.A Sociology, Final Year","['Research', 'Report Writing', 'Social Analysis']","{'Research': 0.84, 'Report Writing': 0.89}","{'email': 'tanisha.gupta@example.com', 'phone': '9876004321'}","{'linkedin': 'https://linkedin.com/in/tanishag', 'github': ''}",Delhi,['Delhi'],"['Research', 'Social Work']",['Technical'],onsite,7000.0,['Community Education Outreach Study'],intermediate,"Sociology student with strong analytical and research-focused mindset. I have conducted multiple field research projects involving interviews, surveys, and social observation. My academic journey has helped me develop deep understanding of social structures, cultural dynamics, and community behavior. I am skilled at conducting literature reviews and preparing well-structured research papers. I enjoy interacting with diverse groups of people and learning about social patterns. My strengths include clear writing, structured analysis, and maintaining ethical research standards. I am seeking roles in research, community work, or social support organizations where I can contribute meaningful insights.","['JOB_060', 'JOB_056']",['JOB_060'],[],[],{'research': 19.1},{'research': 16},{'Delhi': 10.2},{'Delhi': 6},Become a Social Researcher,2025-01-20T12:40:00,0.81,candidate_16
Vikram Bhat,"B.Tech Civil Engineering, 2nd Year","['AutoCAD', 'Structural Drawing', 'Site Analysis']","{'AutoCAD': 0.8, 'Site Analysis': 0.75}","{'email': 'vikram.bhat@example.com', 'phone': '9099099091'}","{'linkedin': 'https://linkedin.com/in/vikramb', 'github': ''}",Mangalore,"['Bangalore', 'Mangalore']","['Civil Engineering', 'Construction']",['Sales'],onsite,9000.0,['Bridge Load Analysis Model'],beginner,"Civil engineering student with solid understanding of construction materials, structural concepts, and surveying techniques. I have created multiple AutoCAD drawings for academic assignments including building layouts and road alignment diagrams. My coursework includes structural analysis, environmental engineering, and fluid mechanics. I have participated in on-site visits organized by my college where I observed foundation work, reinforcement layout, and material testing. I enjoy studying how civil structures are designed, constructed, and maintained. I am disciplined, detail-oriented, and capable of documenting measurements and observations accurately. I am seeking civil engineering internships that involve drawing work, field assistance, or structural analysis support.","['JOB_109', 'JOB_047']",['JOB_109'],[],[],{'civil': 12.3},{'civil': 8},{'Mangalore': 6.2},{'Mangalore': 3},Become a Structural Engineer,2025-01-19T16:50:00,0.72,candidate_17
Rhea D'Souza,"B.A Mass Communication, 3rd Year","['Video Editing', 'Script Writing', 'Communication']","{'Video Editing': 0.87, 'Script Writing': 0.84}","{'email': 'rhea.dsouza@example.com', 'phone': '9876509876'}","{'linkedin': 'https://linkedin.com/in/rhead', 'github': ''}",Mumbai,['Mumbai'],"['Video Editing', 'Content Production']",['Finance'],remote,10000.0,['Short Documentary Film'],intermediate,"Mass communication student with strong experience in video editing, scriptwriting, and content conceptualization. I have edited multiple college-level documentary films, interviews, and promotional videos using Adobe Premiere Pro and DaVinci Resolve. I enjoy crafting compelling visual stories that connect emotionally with the audience. My curriculum includes media studies, broadcast journalism, and production techniques. I have worked with student media clubs where I managed video shoots, editing timelines, and file organization. I am detail-oriented, creative, and skilled at handling tight deadlines. I aim to join a content or media production team where I can grow into a professional video editor.","['JOB_001', 'JOB_106']",['JOB_001'],['JOB_020'],[],{'video': 20.1},{'video': 18},{'Mumbai': 9.5},{'Mumbai': 5},Become a Video Editor,2025-01-21T15:40:00,0.88,candidate_18
Harshit Rawat,"B.Tech Electrical Engineering, 2nd Year","['Circuit Design', 'Matlab', 'Soldering']","{'Circuit Design': 0.82, 'Matlab': 0.78}","{'email': 'harshit.rawat@example.com', 'phone': '9000012345'}","{'linkedin': 'https://linkedin.com/in/harshitr', 'github': ''}",Dehradun,"['Delhi', 'Dehradun']","['Electrical Engineering', 'R&D']",['Marketing'],onsite,10000.0,['Smart Energy Meter Prototype'],beginner,"Electrical engineering student passionate about circuit design, testing, and embedded systems. I have built simple prototypes involving sensors, microcontrollers, and analog circuits. My coursework includes signals, systems, control engineering, and power electronics. I enjoy experimenting with circuit layouts and testing different configurations to optimize performance. I have experience using MATLAB and simulation tools to model electrical systems. I am disciplined, technically curious, and willing to take up challenging engineering tasks. I aspire to gain practical experience through engineering internships that involve real-world electrical systems.","['JOB_057', 'JOB_046']",['JOB_057'],[],[],{'electrical': 14.4},{'electrical': 9},{'Delhi': 6.2},{'Delhi': 3},Become an Electrical Engineer,2025-01-18T17:20:00,0.68,candidate_19
Shruti Jaiswal,"MBA Marketing, 1st Year","['Market Research', 'Brand Strategy', 'Content Planning']","{'Market Research': 0.86, 'Brand Strategy': 0.79}","{'email': 'shruti.jaiswal@example.com', 'phone': '9812309876'}","{'linkedin': 'https://linkedin.com/in/shrutij', 'github': ''}",Noida,"['Noida', 'Gurgaon']","['Marketing', 'Brand Consulting']",['Technical'],hybrid,13000.0,['Consumer Behavior Analysis for FMCG Brand'],intermediate,"Energetic marketing student with deep interest in brand management, consumer psychology, and market strategy. I have led multiple marketing case studies where I analyzed market gaps, customer pain points, and competitive positioning. My coursework includes advertising, digital marketing, consumer behavior, and strategic management. I have assisted in developing social media strategies for student clubs, engaging audiences with promotional content and storytelling. I enjoy analyzing brand communication patterns and identifying areas for market growth. I aim to contribute to a marketing team where I can work on branding, research, and campaign ideation.","['JOB_017', 'JOB_038']",['JOB_017'],[],[],{'marketing': 21.3},{'marketing': 17},{'Noida': 9.5},{'Noida': 6},Become a Brand Strategist,2025-01-20T14:20:00,0.85,candidate_20
Kunal Sharma,"BCA, 1st Year","['HTML', 'CSS', 'JavaScript']","{'HTML': 0.78, 'JavaScript': 0.7}","{'email': 'kunal.sharma@example.com', 'phone': '9012345678'}","{'linkedin': 'https://linkedin.com/in/kunals', 'github': 'https://github.com/kunals'}",Indore,"['Indore', 'Pune']","['Web Development', 'Frontend']",['Finance'],remote,7000.0,"['Landing Page Website', 'Basic JS Calculator']",beginner,Motivated computer applications student with strong interest in web development and UI design. I have built basic responsive websites and practiced JavaScript fundamentals through hands-on exercises. I enjoy learning from online tutorials and building small projects that help reinforce coding concepts. I participate in coding clubs and online challenges to strengthen my problem-solving skills. I am committed to improving my frontend skills and aspire to grow into a professional web developer.,['JOB_030'],['JOB_030'],[],[],{'frontend': 16.4},{'frontend': 12},{'Indore': 5.9},{'Indore': 3},Become a Web Developer,2025-01-21T10:15:00,0.71,candidate_21
Ananya Mukherjee,"B.A Economics, 2nd Year","['Statistical Analysis', 'Excel', 'Research']","{'Statistical Analysis': 0.86, 'Excel': 0.81}","{'email': 'ananya.mukherjee@example.com', 'phone': '9090901122'}","{'linkedin': 'https://linkedin.com/in/ananyam', 'github': ''}",Kolkata,"['Kolkata', 'Delhi']","['Economics Research', 'Data Analytics']",['Customer Support'],hybrid,11000.0,['Economic Impact Assessment Model'],intermediate,"Economics student with strong analytical skills and passion for research-driven problem solving. I have worked on academic models involving inflation, unemployment patterns, and market dynamics. I am proficient in using Excel for statistical calculations, trend analysis, and visualization. I enjoy reading economic policy papers and summarizing insights into clear written formats. My strengths include research methodology, structured thinking, and data interpretation. I am eager to work in roles that involve economic research, policy analysis, or business analytics.","['JOB_056', 'JOB_023']",['JOB_056'],[],[],"{'research': 14.7, 'data': 10.2}","{'research': 8, 'data': 4}",{'Kolkata': 8.6},{'Kolkata': 4},Become an Economist,2025-01-19T15:50:00,0.78,candidate_22
Yashwant Rao,"B.Tech Computer Science, Final Year","['Java', 'Spring Boot', 'SQL', 'Microservices']","{'Java': 0.88, 'Spring Boot': 0.82, 'SQL': 0.86}","{'email': 'yashwant.rao@example.com', 'phone': '9876102345'}","{'linkedin': 'https://linkedin.com/in/yashwantrao', 'github': 'https://github.com/yashwantrao'}",Bhopal,"['Bangalore', 'Pune']","['Backend Development', 'Software Engineering']",['Design'],remote,17000.0,"['Hotel Management System', 'Spring Boot REST API Boilerplate']",intermediate,"Final-year computer science student with strong backend development experience using Java and Spring Boot. I have built multiple REST API applications, including authentication systems and microservice components. My projects demonstrate solid understanding of layered architecture, dependency injection, and database design using SQL. I actively solve problems on coding platforms where I improve my logic and algorithmic thinking. I work well in structured development environments and write clean, maintainable code with unit tests. My experience includes integrating third-party APIs, optimizing DB queries, and configuring CI/CD pipelines for academic projects. I am eager to contribute to backend engineering teams working on robust, scalable systems.",['JOB_016'],['JOB_016'],[],['JOB_016'],{'backend': 22.4},{'backend': 16},{'Bangalore': 11.2},{'Bangalore': 5},Become a Senior Backend Developer,2025-01-21T12:40:00,0.89,candidate_23
Ritika Sen,"MBA HR, 2nd Year","['Talent Acquisition', 'HR Strategy', 'Training & Development']","{'Talent Acquisition': 0.86, 'Training & Development': 0.82}","{'email': 'ritika.sen@example.com', 'phone': '9912345670'}","{'linkedin': 'https://linkedin.com/in/ritikasen', 'github': ''}",Kolkata,"['Kolkata', 'Delhi']","['HR', 'Talent Acquisition']",['Finance'],hybrid,12000.0,['HR Engagement Model Study'],intermediate,"Human resources management student with hands-on experience in recruitment, employee engagement, and organizational communication. I have assisted in screening resumes, coordinating interviews, and managing HR documentation for college events. My coursework includes performance management, labor laws, and HR analytics, enhancing my understanding of strategic HR functions. I enjoy working with people, resolving conflicts, and promoting positive workplace culture. I am skilled in conducting employee feedback assessments and preparing detailed process improvement reports. My strengths include empathy, structured communication, and strong organizational abilities. I hope to join a team that values collaborative HR operations and continuous learning.","['JOB_019', 'JOB_008']",['JOB_019'],[],[],{'hr': 15.4},{'hr': 12},{'Kolkata': 7.9},{'Kolkata': 4},Become an HR Business Partner,2025-01-20T16:10:00,0.82,candidate_24
Manoj Thakur,"B.Sc Mathematics, 3rd Year","['Statistics', 'Python', 'Data Cleaning', 'Excel']","{'Statistics': 0.9, 'Python': 0.78, 'Excel': 0.86}","{'email': 'manoj.thakur@example.com', 'phone': '9077654321'}","{'linkedin': 'https://linkedin.com/in/manojt', 'github': 'https://github.com/manojt'}",Shimla,"['Delhi', 'Chandigarh']","['Data Analytics', 'Research']",['Marketing'],remote,10000.0,['Statistical Forecasting of Sales Data'],intermediate,"Mathematics student with strong analytical abilities and hands-on experience in data preparation, statistical modeling, and exploratory analysis. I have completed several academic projects involving correlation studies, linear regression, and probability distribution modeling. I enjoy working with real-world datasets where I can apply mathematical reasoning to derive insights. My coursework includes advanced calculus, linear algebra, and applied statistics. I am proficient in Excel data manipulation and have built multiple analysis templates. I value accuracy, structured problem solving, and clear reporting. I am motivated to contribute to analytical roles involving research, data analysis, and insight generation.","['JOB_005', 'JOB_095']",['JOB_095'],[],[],{'data': 18.9},{'data': 14},{'Delhi': 9.4},{'Delhi': 5},Become a Data Analyst,2025-01-21T14:45:00,0.83,candidate_25
Anjali Poddar,"BBA Finance, Final Year","['Financial Modelling', 'Excel', 'Valuation']","{'Financial Modelling': 0.85, 'Excel': 0.9}","{'email': 'anjali.poddar@example.com', 'phone': '9987654323'}","{'linkedin': 'https://linkedin.com/in/anjalip', 'github': ''}",Patna,"['Patna', 'Bangalore']","['Finance', 'Investment Analysis']",['Design'],onsite,13000.0,['Startup Valuation Model'],intermediate,"Finance major with strong analytical reasoning skills and experience in building financial models for valuation and budgeting. I have worked on equity research assignments including fundamental analysis of listed companies. My coursework includes corporate finance, portfolio theory, and financial markets. I enjoy studying company reports, identifying trends, and summarizing insights into structured formats. I am proficient in Excel-based modeling, ratio analysis, and forecast preparation. I appreciate disciplined financial processes and attention to numerical accuracy. I aspire to work in analytical roles related to finance, audit, or investment evaluation.","['JOB_033', 'JOB_023']",['JOB_033'],[],[],{'finance': 20.2},{'finance': 15},{'Patna': 7.4},{'Patna': 3},Become an Investment Analyst,2025-01-20T11:30:00,0.81,candidate_26
Mihir Kulkarni,"B.Tech ECE, 2nd Year","['Arduino', 'Embedded C', 'IoT']","{'Arduino': 0.85, 'Embedded C': 0.78}","{'email': 'mihir.kulkarni@example.com', 'phone': '9876541123'}","{'linkedin': 'https://linkedin.com/in/mihirk', 'github': 'https://github.com/mihirk'}",Nashik,"['Pune', 'Hyderabad']","['IoT Development', 'Embedded Systems']",['Finance'],onsite,15000.0,['Smart Irrigation System'],intermediate,"Electronics and communication engineering student with keen interest in embedded systems and IoT technologies. I have built functional prototypes using sensors, Arduino boards, and wireless modules. My academic exposure includes digital electronics, microprocessors, and communication systems. I enjoy debugging hardware circuits and writing embedded C code for microcontroller logic. I am enthusiastic about building technology that connects hardware with real-world utility. I am disciplined, curious, and motivated to work on embedded development challenges.","['JOB_070', 'JOB_057']",['JOB_057'],[],[],{'iot': 19.0},{'iot': 14},{'Pune': 8.8},{'Pune': 4},Become an Embedded Systems Engineer,2025-01-21T09:40:00,0.84,candidate_27
Tanya Narang,"B.Des UX/UI Design, 1st Year","['Figma', 'Wireframing', 'User Research']","{'Figma': 0.8, 'User Research': 0.75}","{'email': 'tanya.narang@example.com', 'phone': '9898989090'}","{'linkedin': 'https://linkedin.com/in/tanyan', 'github': ''}",Gurgaon,"['Gurgaon', 'Bangalore']","['UI/UX', 'Product Design']",['Backend'],remote,12000.0,['Food Delivery App UI Concept'],beginner,"UX design student passionate about crafting intuitive digital interfaces. I have designed multiple wireframes and high-fidelity prototypes using Figma. My coursework covers design thinking, humanâ€“computer interaction, and usability testing. I enjoy analyzing user pain points and creating design solutions that enhance overall user experience. I collaborate with peers during studio projects where we brainstorm features and iterate on designs. I am continuously learning design principles like visual hierarchy, typography, and accessibility. I aim to join a product team where I can contribute to meaningful and user-centered digital products.",['JOB_013'],['JOB_013'],['JOB_002'],[],{'design': 17.5},{'design': 14},{'Gurgaon': 6.9},{'Gurgaon': 4},Become a UX Designer,2025-01-21T10:10:00,0.79,candidate_28
Abhay Pratap,"B.Tech IT, 3rd Year","['SQL', 'Data Warehousing', 'ETL']","{'SQL': 0.91, 'ETL': 0.82}","{'email': 'abhay.pratap@example.com', 'phone': '9811203478'}","{'linkedin': 'https://linkedin.com/in/abhayp', 'github': 'https://github.com/abhayp'}",Gwalior,"['Pune', 'Hyderabad']","['Data Engineering', 'Analytics']",['Design'],hybrid,16000.0,['ETL Pipeline for Sales Records'],intermediate,"Information technology student with strong interest in data engineering and backend data workflows. I have designed ETL pipelines using SQL transformations and file processing scripts. My coursework covers data management, DBMS systems, big data fundamentals, and distributed computing basics. I enjoy optimizing queries, structuring datasets, and troubleshooting data pipeline failures. I work well in systematic environments where data quality and consistency are essential. I am eager to work with data engineering teams and contribute to pipeline design, automation, and analytics.",['JOB_052'],['JOB_052'],[],[],{'data': 22.0},{'data': 17},{'Pune': 9.4},{'Pune': 4},Become a Data Engineer,2025-01-20T18:20:00,0.88,candidate_29
Devika Menon,"B.A Psychology, 1st Year","['Counselling Basics', 'Research', 'Communication']","{'Communication': 0.9, 'Research': 0.82}","{'email': 'devika.menon@example.com', 'phone': '9812309870'}","{'linkedin': 'https://linkedin.com/in/devikam', 'github': ''}",Thiruvananthapuram,"['Thiruvananthapuram', 'Chennai']","['Psychology', 'HR']",['Engineering'],onsite,6000.0,['Study on Student Stress Patterns'],beginner,"Psychology student with strong communication skills and genuine interest in human behavior research. I have participated in multiple seminars on emotional wellbeing and interpersonal communication. My academic subjects include developmental psychology, cognitive processes, and behavioral studies. I enjoy analyzing case studies and participating in group discussions about mental health topics. I am empathetic, patient, and dedicated to creating supportive environments for individuals seeking help. I aspire to join organizations where I can contribute to mental health awareness programs or HR engagement initiatives.",['JOB_079'],['JOB_079'],[],[],{'hr': 12.1},{'hr': 7},{'Thiruvananthapuram': 5.5},{'Thiruvananthapuram': 3},Become a Counseling Support Specialist,2025-01-18T16:15:00,0.69,candidate_30
Sarthak Jain,"B.Com Accounting, Final Year","['Tally', 'MS Excel', 'Bookkeeping', 'GST Filing']","{'Tally': 0.88, 'MS Excel': 0.92, 'Bookkeeping': 0.89}","{'email': 'sarthak.jain@example.com', 'phone': '9812345678'}","{'linkedin': 'https://linkedin.com/in/sarthakj', 'github': ''}",Jaipur,"['Jaipur', 'Gurgaon']","['Accounting', 'Finance']",['Marketing'],onsite,10000.0,['Automated Financial Ledger in Excel'],intermediate,Detail-oriented commerce student...,"['JOB_015', 'JOB_007']",['JOB_015'],[],['JOB_015'],{'finance': 14.2},{'finance': 11},{'Jaipur': 5.4},{'Jaipur': 4},Work as a Financial Analyst,2025-01-19 09:15:00,0.72,candidate_31
RAJAT JAIN,B.Tech in Computer Science & Engineering,"['Python', 'C++', 'SQL', 'HTML', 'CSS', 'JavaScript', 'NumPy', 'Pandas', 'Keras', 'TensorFlow', 'Flask', 'Pytorch', 'LangChain', 'OpenCV', 'Data Structures & Algorithms', 'OOP', 'DBMS', 'OS', 'Vscode', 'GitHub', 'Google Colab']","{'Python': 0.9, 'C++': 0.9, 'SQL': 0.7, 'HTML': 0.7, 'CSS': 0.7, 'JavaScript': 0.7, 'NumPy': 0.8, 'Pandas': 0.8, 'Keras': 0.8, 'TensorFlow': 0.8, 'Flask': 0.8, 'Pytorch': 0.7, 'LangChain': 0.8, 'OpenCV': 0.8, 'Data Structures & Algorithms': 0.9, 'OOP': 0.7, 'DBMS': 0.7, 'OS': 0.7, 'Vscode': 0.7, 'GitHub': 0.8, 'Google Colab': 0.7}","{'email': 'rajatofficial5940@gmail.com', 'phone': '8502804868'}",,Jodhpur,['Jodhpur'],"['Software Engineering', 'Data Science', 'Computer Science']",['cybersecurity'],hybrid,7500.0,"['Chest X-Ray Pneumonia Classifier Web App', 'Image Colorization Service with Autoencoders', 'Sudoku Solver Web App']",fresher,"Driven Computer Science Engineering student (9.23 CGPA) with strong programming and problem-solving skills. Experienced in building end-to-end software applications, developing deep learning solutions, and solving 400+ DSA problems. Proficient in Python, C++, and modern frameworks. Seeking to contribute as a Software Engineer by leveraging analytical thinking and clean code practices.",[],[],[],[],{},{},{},{},,2025-11-28 11:30:58.536196,0.0,candidate_32
RAJAT JAIN,B.Tech in Computer Science & Engineering,"['C++', 'Python', 'SQL', 'HTML', 'CSS', 'JavaScript', 'Vscode', 'GitHub', 'Google Colab', 'NumPy', 'Pandas', 'Keras', 'TensorFlow', 'Flask', 'Pytorch', 'Data Structures & Algorithms', 'OOP', 'DBMS', 'OS']","{'C++': 0.8, 'Python': 0.8, 'SQL': 0.8, 'HTML': 0.8, 'CSS': 0.8, 'JavaScript': 0.8, 'Vscode': 0.8, 'GitHub': 0.8, 'Google Colab': 0.8, 'NumPy': 0.8, 'Pandas': 0.8, 'Keras': 0.8, 'TensorFlow': 0.8, 'Flask': 0.8, 'Pytorch': 0.8, 'Data Structures & Algorithms': 0.8, 'OOP': 0.8, 'DBMS': 0.8, 'OS': 0.8}","{'email': 'rajatofficial5940@gmail.com', 'phone': '+918502804868'}",,"Jodhpur, Rajasthan","['Jodhpur, Rajasthan']","['Software Engineer', 'Data Science']",['cybersecurity'],onsite,7500.0,"['Chest X-Ray Pneumonia Classifier Web App', 'Image Colorization Service with Autoencoders', 'Sudoku Solver Web App']",fresher,"Driven Computer Science Engineering student (9.23 CGPA) with strong programming and problem-solving skills. Experienced in building end-to-end software applications, developing deep learning solutions, and solving 400+ DSA problems. Proficient in Python, C++, and modern frameworks. Seeking to contribute as a Software Engineer by leveraging analytical thinking and clean code practices.",[],[],[],[],{},{},{},{},,2025-11-28 12:08:56.562527,0.0,candidate_33
RAJAT JAIN,B.Tech in Computer Science & Engineering,"['C++', 'Python', 'SQL', 'HTML', 'CSS', 'JavaScript', 'Vscode', 'GitHub', 'Google Colab', 'NumPy', 'Pandas', 'Keras', 'TensorFlow', 'Flask', 'Pytorch', 'Data Structures & Algorithms', 'OOP', 'DBMS', 'OS']","{'C++': 0.7, 'Python': 0.7, 'SQL': 0.7, 'HTML': 0.7, 'CSS': 0.7, 'JavaScript': 0.7, 'Vscode': 0.7, 'GitHub': 0.7, 'Google Colab': 0.7, 'NumPy': 0.7, 'Pandas': 0.7, 'Keras': 0.7, 'TensorFlow': 0.7, 'Flask': 0.7, 'Pytorch': 0.7, 'Data Structures & Algorithms': 0.7, 'OOP': 0.7, 'DBMS': 0.7, 'OS': 0.7}","{'email': 'rajatofficial5940@gmail.com', 'phone': '+918502804868'}",,"Jodhpur, Rajasthan",['Jodhpur'],"['Software Engineering', 'Data Science', 'Computer Science']","['web dev', 'design']",hybrid,5000000.0,"['Chest X-Ray Pneumonia Classifier Web App', 'Image Colorization Service with Autoencoders', 'Sudoku Solver Web App']",fresher,"Driven Computer Science Engineering student (9.23 CGPA) with strong programming and problem-solving skills. Experienced in building end-to-end software applications, developing deep learning solutions, and solving 400+ DSA problems. Proficient in Python, C++, and modern frameworks. Seeking to contribute as a Software Engineer by leveraging analytical thinking and clean code practices.",[],[],[],[],{},{},{},{},,2025-11-28 12:27:17.719869,0.0,candidate_34
MOHAMMED SAIF,"Bachelor of technology in Computer Science (CGPA: 7.32/ 10.00) from Jodhpur Institute Of Engineering & Technology, expected May 2026.","['Python', 'C', 'C++', 'Java', 'Data structure and Algorithm', 'Software Engineering Compiler', 'Operating System', 'Artificial Intelligence', 'Machine Learning', 'Neural Networks', 'API', 'Database Normalization', 'Agile Methodology', 'Apache Kafka', 'YOLOv8', 'YOLOv3', 'FasterRCNN', 'TensorFlow', 'Keras', 'SQL', 'Git']","{'Python': 0.7, 'C': 0.7, 'C++': 0.7, 'Java': 0.7, 'Data structure and Algorithm': 0.7, 'Software Engineering Compiler': 0.7, 'Operating System': 0.7, 'Artificial Intelligence': 0.7, 'Machine Learning': 0.7, 'Neural Networks': 0.7, 'API': 0.7, 'Database Normalization': 0.7, 'Agile Methodology': 0.7, 'Apache Kafka': 0.7, 'YOLOv8': 0.7, 'YOLOv3': 0.7, 'FasterRCNN': 0.7, 'TensorFlow': 0.7, 'Keras': 0.7, 'SQL': 0.7, 'Git': 0.7}","{'email': '2512mohdsaif@gmail.com', 'phone': '+91 820-983-4808'}",,"Jodhpur, Rajasthan","['Jodhpur, Rajasthan', 'Jaipur, Rajasthan']","['Data Science', 'Data Engineering', 'Software Development', 'Machine Learning', 'Artificial Intelligence', 'Web Development']",['design'],hybrid,15000.0,"['Real-Time Stock Market using Apache Kafka', 'Stock Market Visualization Dashboard', 'Employee Management System']",fresher,"A highly motivated Computer Science student with experience in Data Science, Data Engineering, and Web Development through internships at DRDO, Celebal Technologies, and State Remote Sensing Application Center. Proficient in Python, C, C++, and Java, with strong understanding of Data Structures, Algorithms, Machine Learning, and Deep Learning. Demonstrated ability to build real-time data pipelines with Apache Kafka, develop data visualization dashboards, and create employee management systems. Eager to apply technical skills and learn in a dynamic environment.",[],[],[],[],{},{},{},{},,2025-11-28 12:33:21.845312,0.0,candidate_35
