job_id,title,company_name,field,location,duration,skills_required,stipend,stipend_num,description,candidate_expectations
JOB_001,Video Editing Intern,PixelVibe Studios,Video Editing,"Mumbai, Maharashtra",4 months,"['Adobe Premiere Pro', 'After Effects', 'Color Grading', 'Motion Graphics']","₹12,000/month",12000,"Edit short-form content for YouTube, Instagram Reels, and client ads. Work closely with directors to create engaging cuts, add sound design, and deliver final exports in multiple formats. You will handle raw footage management, create motion graphics, and learn advanced post-production workflows used in commercial projects.","We seek creative, deadline-driven individuals with a strong aesthetic sense and passion for storytelling through video. You should be comfortable receiving feedback and iterating quickly. Good communication and ability to work in a fast-paced studio environment are essential."
JOB_002,Graphic Design Intern,DesignMint Agency,Design,"Bengaluru, Karnataka",6 months,"['Figma', 'Adobe Illustrator', 'Photoshop', 'UI/UX Basics']","₹15,000/month",15000,"Design social media creatives, branding collateral, website banners, and marketing materials for startups and enterprises. Collaborate with the creative team on client pitches and revisions while maintaining brand guidelines and delivering pixel-perfect assets.","We want a visually curious designer who stays updated with trends and loves experimenting, and takes ownership of projects. Strong time management, openness to critique, and excellent file organization skills are must-haves."
JOB_003,Full Stack Development Intern,TechNex Solutions,Tech,"Hyderabad, Telangana",6 months,"['React.js', 'Node.js', 'MongoDB', 'Git']","₹20,000/month",20000,"Build and maintain features for web applications, write clean code, participate in code reviews, and deploy updates to production. You will work on both frontend and backend tasks, integrate APIs, and solve real-time user issues in an agile environment.","We look for problem-solvers who love coding, ask questions, and are not afraid of debugging. Good logical thinking, teamwork, and eagerness to learn new technologies are highly valued."
JOB_004,Digital Marketing Intern,GrowthPulse Media,Marketing,Delhi NCR,3 months,"['SEO', 'Google Ads', 'Social Media Management', 'Canva']","₹10,000/month",10000,"Plan and execute campaigns on Meta, Google, and LinkedIn, analyze performance metrics, create ad copies, and optimize for better ROI. You will also assist in content calendar planning and competitor analysis.","We need energetic, data-driven individuals who are comfortable with numbers and creative copywriting. Proactiveness, attention to detail, and ability to handle multiple campaigns simultaneously are crucial."
JOB_005,Data Analyst Intern,InsightAnalytics Pvt Ltd,Data,"Pune, Maharashtra",5 months,"['Excel', 'SQL', 'Python', 'Tableau/Power BI']","₹18,000/month",18000,"Clean and analyze large datasets, build interactive dashboards, and provide actionable business insights. You will work with sales, marketing, and product teams to answer key questions using data visualization and statistical methods.","We seek analytical minds with intellectual curiosity and storytelling ability through data. Strong communication to explain technical findings to non-technical stakeholders is essential, along with a structured approach to problem-solving."
JOB_006,Machine Learning Intern,AIForge Labs,ML/AI,"Chennai, Tamil Nadu",6 months,"['Python', 'TensorFlow/PyTorch', 'Pandas', 'ML Algorithms']","₹25,000/month",25000,"Develop and train models for computer vision and NLP projects, perform data preprocessing, experiment tracking, and model deployment using Flask/FastAPI. You will collaborate with senior ML engineers on production-grade systems.","We are looking for passionate learners with solid foundations in mathematics and programming. Ability to read research papers, experiment rigorously, and document findings clearly is highly appreciated."
JOB_007,Finance Intern,WealthCore Advisors,Finance,"Kolkata, West Bengal",4 months,"['Excel', 'Financial Modeling', 'Tally', 'GST Knowledge']","₹8,000/month",8000,"Assist in bookkeeping, reconciliation, preparation of financial statements, and basic modeling for investments. You will also help in tax filings, invoicing, and vendor payments.","We need meticulous, ethical individuals with high integrity and numerical accuracy. Proactive attitude, confidentiality, and willingness to learn accounting standards are required."
JOB_008,Human Resources Intern,PeopleFirst Solutions,HR,"Ahmedabad, Gujarat",3 months,"['Recruitment', 'MS Office', 'Communication', 'LinkedIn Recruiter']","₹10,000/month",10000,"Support end-to-end recruitment, screen resumes, schedule interviews, maintain employee databases, and assist in onboarding and payroll processing. You will also help organize engagement activities.","We look for empathetic, organized individuals with excellent interpersonal skills and discretion. A people-oriented mindset and ability to multitask in a dynamic environment are essential."
JOB_009,Content Writing Intern,WordCraft Media,Content,"Jaipur, Rajasthan",4 months,"['SEO Writing', 'Blogging', 'Grammarly', 'Research']","₹9,000/month",9000,"Write engaging blogs, website copy, social media posts, and newsletters for B2B and D2C brands. You will conduct topic research, optimize for SEO, and work with editors to refine tone and style.","We seek creative writers who can adapt voice to different brands and meet deadlines consistently. Curiosity, readability focus, and comfort with feedback are key traits we value."
JOB_010,Sales & Business Development Intern,SellSmart Technologies,Sales,"Lucknow, Uttar Pradesh",3 months,"['Cold Calling', 'CRM', 'Negotiation', 'English & Hindi Fluency']","₹8,000 + Incentives",8000,"Generate leads through calls and emails, pitch SaaS products, follow up with prospects, and update CRM. You will attend client meetings (virtual/physical) and help close deals.","We want confident communicators who are resilient to rejection and target-oriented. A go-getter attitude, relationship-building skills, and hunger to earn incentives are critical."
JOB_011,Customer Support Intern,CareHub Services,Customer Relations,"Indore, Madhya Pradesh",5 months,"['Communication', 'Zendesk', 'Empathy', 'Problem Solving']","₹10,000/month",10000,"Handle customer queries via chat, email, and calls, resolve issues, escalate when needed, and maintain high CSAT scores. You will document common issues and suggest product improvements.","We need patient, polite individuals who can stay calm under pressure and genuinely enjoy helping people. Quick learning, active listening, and positive language are must-haves."
JOB_012,Operations Intern,LogiChain Solutions,Operations,"Coimbatore, Tamil Nadu",4 months,"['Excel', 'Process Mapping', 'Coordination', 'ERP Basics']","₹12,000/month",12000,"Assist in supply chain coordination, inventory tracking, vendor management, and process documentation. You will analyze operational bottlenecks and help implement efficiency improvements.","We seek organized, proactive individuals with a logical mindset and attention to detail. Ability to coordinate with multiple stakeholders and adapt quickly is essential."
JOB_013,UI/UX Design Intern,UserFirst Studio,Design,"Gurugram, Haryana",6 months,"['Figma', 'Prototyping', 'User Research', 'Wireframing']","₹18,000/month",18000,"Conduct user interviews, create wireframes, high-fidelity prototypes, and usability test new features for mobile and web apps. Work directly with product managers and developers.","We look for empathetic designers who prioritize user needs, think critically, and justify design decisions. Collaboration, curiosity, and a portfolio showcasing process are highly valued."
JOB_014,Social Media Intern,ViralWave Agency,Marketing,"Chandigarh, Punjab",3 months,"['Content Creation', 'Canva', 'Scheduling Tools', 'Analytics']","₹10,000/month",10000,"Curate and schedule posts, design creatives, engage with followers, and track performance across Instagram, LinkedIn, and Twitter for multiple clients.","We need trend-savvy, creative individuals who understand platform algorithms and audience psychology. Consistency, quick thinking, and a fun personality are a big plus."
JOB_015,Accounting Intern,FinTrust Consultants,Accounts,"Bhopal, Madhya Pradesh",4 months,"['Tally ERP', 'GST', 'Excel', 'Bookkeeping']","₹7,500/month",7500,"Enter transactions, reconcile bank statements, prepare vouchers, assist in GST returns, and support audit preparation for SME clients.","We seek honest, accurate individuals with strong ethics and numerical ability. Attention to detail, punctuality, and willingness to learn taxation laws are required."
JOB_016,Backend Development Intern,CodeNest Technologies,Tech,"Kochi, Kerala",6 months,"['Node.js', 'Express', 'MongoDB', 'REST APIs']","₹20,000/month",20000,"Develop and maintain backend services, write efficient APIs, optimize database queries, and ensure security best practices in live applications.","We look for logical thinkers who write clean, scalable code and enjoy solving performance issues. Team collaboration, documentation habits, and curiosity about system design are appreciated."
JOB_017,Brand Management Intern,BrandBoom Consulting,Marketing,"Surat, Gujarat",3 months,"['Brand Strategy', 'Market Research', 'Presentation Skills']","₹9,000/month",9000,"Assist in brand positioning, competitor analysis, campaign planning, and creating brand guideline documents for FMCG and fashion clients.",We want strategic thinkers with a keen eye for branding and storytelling. Creativity combined with analytical skills and confidence in presenting ideas are essential.
JOB_018,DevOps Intern,CloudOps India,Tech,"Visakhapatnam, Andhra Pradesh",5 months,"['AWS', 'Docker', 'Jenkins', 'Linux']","₹22,000/month",22000,"Assist in CI/CD pipeline setup, containerization, cloud resource management, monitoring, and automation scripting for production environments.","We seek systematic individuals who love automation and infrastructure as code. Problem-solving mindset, patience with troubleshooting, and learning agility are critical."
JOB_019,Talent Acquisition Intern,HireSwift Solutions,HR,"Nagpur, Maharashtra",4 months,"['Sourcing', 'LinkedIn', 'Interview Coordination', 'ATS']","₹10,000/month",10000,"Source candidates from job portals, conduct initial screening calls, maintain recruitment trackers, and improve employer branding content.","We need outgoing, persuasive individuals who can build relationships quickly. Persistence, ethical sourcing practices, and organization skills are a must."
JOB_020,Motion Graphics Intern,Animatico Studio,Video Editing/Design,Goa,4 months,"['After Effects', 'Cinema 4D', 'Illustrator', 'Storyboarding']","₹15,000/month",15000,"Create explainer videos, logo animations, and promotional motion content for brands and agencies. You will conceptualize, storyboard, animate, and composite final pieces.","We look for creative animators with timing, rhythm, and storytelling sense. Ability to interpret scripts visually and meet tight deadlines is crucial."
JOB_021,Business Analyst Intern,StratEdge Consulting,Operations/Analytics,"Dehradun, Uttarakhand",5 months,"['Requirements Gathering', 'UML', 'Excel', 'Jira']","₹12,000/month",12000,"Elicit requirements from stakeholders, create user stories, process flows, and support product owners in backlog grooming and sprint planning.","We seek bridge-builders who can translate business needs into technical language. Strong listening, documentation, and logical structuring abilities are essential."
JOB_022,SEO Intern,RankHigh Digital,Marketing,"Guwahati, Assam",3 months,"['Keyword Research', 'On-Page SEO', 'Google Analytics', 'Ahrefs']","₹8,000/month",8000,"Perform keyword research, optimize website content, build backlinks, and prepare monthly SEO performance reports for e-commerce and service clients.","We need patient, analytical individuals who enjoy research and tracking long-term results. Curiosity about search algorithms and ethical practices are required."
JOB_023,Financial Analyst Intern,InvestWise Capital,Finance,"Raipur, Chhattisgarh",4 months,"['Financial Modeling', 'Valuation', 'Excel', 'Research']","₹10,000/month",10000,"Build DCF and comparable company models, research industries, prepare pitch books, and assist in due diligence for private equity and startup investments.","We look for ambitious, number-crunching individuals with high accuracy and interest in markets. Intellectual rigor and professional presentation are key."
JOB_024,Product Management Intern,ProdCraft Labs,Tech/Product,"Noida, Uttar Pradesh",6 months,"['Product Roadmap', 'Figma', 'Jira', 'User Stories']","₹20,000/month",20000,"Assist in feature prioritization, competitor analysis, user story writing, A/B testing, and roadmap planning for SaaS products.","We seek customer-obsessed, decisive individuals who can balance business, tech, and user needs. Strong communication and data-driven thinking are vital."
JOB_025,Copywriting Intern,AdCopy Creators,Content/Marketing,"Mysuru, Karnataka",3 months,"['Ad Copy', 'Persuasive Writing', 'Brand Tone', 'SEO']","₹9,000/month",9000,"Write Google/Facebook ads, landing page copy, email sequences, and product descriptions that convert for e-commerce and tech brands.","We need sharp, persuasive writers who understand consumer psychology and can sell with words. Quick turnaround and openness to edits are essential."
JOB_026,Cybersecurity Intern,SecureNet India,Tech,"Thiruvananthapuram, Kerala",6 months,"['Ethical Hacking Basics', 'Wireshark', 'Linux', 'Python']","₹18,000/month",18000,"Assist in vulnerability assessments, penetration testing support, log analysis, and security policy documentation for enterprise clients.","We seek ethical, detail-oriented individuals with a strong sense of responsibility. Curiosity about threats and continuous learning mindset are critical."
JOB_027,Supply Chain Intern,ChainMaster Logistics,Operations,"Ludhiana, Punjab",4 months,"['Excel', 'Inventory Management', 'Vendor Coordination']","₹10,000/month",10000,"Track shipments, optimize inventory levels, coordinate with suppliers, and analyze logistics costs to improve delivery timelines.",We need organized multitaskers who thrive in dynamic environments. Analytical thinking and negotiation basics are a bonus.
JOB_028,Interior Design Intern,SpaceCraft Interiors,Design,"Coimbatore, Tamil Nadu",5 months,"['AutoCAD', 'SketchUp', '3ds Max', 'Material Knowledge']","₹12,000/month",12000,"Assist in space planning, create 2D/3D layouts, select materials and finishes, and prepare client presentations for residential and commercial projects. You will visit sites, source samples, and learn budgeting and vendor coordination.","We look for creative individuals with spatial awareness and passion for aesthetics. Client communication, trend awareness, and precision in drawings are essential."
JOB_029,Performance Marketing Intern,ClickProfit Media,Marketing,"Vadodara, Gujarat",3 months,"['Google Ads', 'Meta Ads', 'Analytics', 'Budget Management']","₹10,000 + Performance Bonus",10000,"Launch and optimize paid campaigns, monitor KPIs, scale winning ads, and prepare performance reports with clear ROI insights. You will work on real client budgets and learn advanced bidding strategies.",We seek number-loving marketers who test hypotheses and optimize relentlessly. Comfort with spending budgets and analytical mindset are crucial.
JOB_030,Frontend Development Intern,WebWave Technologies,Tech,"Bhubaneswar, Odisha",6 months,"['HTML/CSS', 'JavaScript', 'React', 'Tailwind CSS']","₹18,000/month",18000,"Build responsive user interfaces, implement designs from Figma, write reusable components, and ensure cross-browser compatibility for enterprise dashboards and consumer apps.","We want pixel-perfect coders who care about performance and user experience. Attention to detail, curiosity about modern frameworks, and collaboration with designers are must-haves."
JOB_031,Public Relations Intern,MediaBridge PR,Marketing/PR,"Kanpur, Uttar Pradesh",3 months,"['Press Release Writing', 'Media Monitoring', 'Pitching', 'Crisis Communication']","₹9,000/month",9000,"Draft press releases, build media lists, track coverage, coordinate interviews, and support PR campaigns for startups and corporates.","We seek articulate, relationship-oriented individuals with excellent writing and networking skills. Ability to work under pressure and maintain composure is essential."
JOB_032,Android Development Intern,AppForge Studio,Tech,"Madurai, Tamil Nadu",6 months,"['Kotlin', 'Android Studio', 'Firebase', 'Material Design']","₹20,000/month",20000,"Develop features for live apps, fix bugs, implement UI/UX designs, integrate APIs, and publish updates on Google Play Store.","We look for mobile enthusiasts with strong Java/Kotlin fundamentals. Problem-solving ability, clean code habits, and excitement for app store launches are appreciated."
JOB_033,Investment Banking Intern,CapitalPeak Advisors,Finance,"Mumbai, Maharashtra",3 months,"['Pitch Book', 'Valuation', 'Excel', 'Bloomberg Basics']","₹25,000/month",25000,"Support M&A transactions, create pitch decks, perform company and industry research, build financial models, and assist in deal execution.","We seek highly driven, Excel-proficient individuals with exceptional work ethic and interest in deals. Ability to handle long hours and deliver flawless work is critical."
JOB_034,Event Management Intern,Eventoria Solutions,Operations/Marketing,"Jodhpur, Rajasthan",4 months,"['Coordination', 'Vendor Management', 'Budgeting', 'Creativity']","₹8,000/month",8000,"Plan and execute corporate events, weddings, and conferences. Handle vendor negotiations, timeline management, on-site coordination, and post-event reporting.","We need energetic, calm-under-pressure individuals who love logistics and people management. Multitasking, negotiation skills, and a cheerful attitude are essential."
JOB_035,Blockchain Intern,CryptoNest Labs,Tech,"Bengaluru, Karnataka",6 months,"['Solidity', 'Web3.js', 'Ethereum', 'Smart Contracts']","₹30,000/month",30000,"Write and audit smart contracts, build dApps, integrate wallets, and work on DeFi and NFT projects with live deployments.","We seek crypto-passionate developers with strong security awareness. Ability to learn fast, think about edge cases, and collaborate on decentralized systems is key."
JOB_036,Legal Research Intern,LexCorp Partners,Legal,New Delhi,3 months,"['Legal Research', 'Case Analysis', 'Drafting', 'Manupatra/SCC Online']","₹12,000/month",12000,"Conduct case law research, draft petitions and contracts, summarize judgments, and assist lawyers in court filings and client meetings.","We look for law students with excellent reading comprehension and analytical skills. Precision, confidentiality, and professional demeanor are non-negotiable."
JOB_037,Fashion Design Intern,VogueThread Studio,Design,"Mumbai, Maharashtra",5 months,"['Illustrator', 'Pattern Making', 'Sewing', 'Trend Forecasting']","₹10,000/month",10000,"Assist in collection development, create tech packs, source fabrics, support photoshoots, and help with fashion week preparations.",We want passionate designers with original ideas and strong sketching skills. Ability to work in a fast-fashion environment and take initiative is crucial.
JOB_038,Growth Hacking Intern,ScaleFast Ventures,Marketing,"Gurugram, Haryana",4 months,"['A/B Testing', 'Automation', 'Analytics', 'Creativity']","₹15,000/month",15000,"Run growth experiments, automate funnels, analyze user behavior, and implement viral loops for consumer apps and SaaS products.","We seek unconventional thinkers who love data and psychology. Resourcefulness, speed, and obsession with metrics are must-haves."
JOB_039,Cloud Engineering Intern,NimbusTech Solutions,Tech,"Pune, Maharashtra",6 months,"['AWS/GCP', 'Terraform', 'Kubernetes', 'Python']","₹25,000/month",25000,"Design and implement cloud infrastructure, automate deployments, manage containers, and ensure high availability and security for enterprise workloads.",We look for infrastructure enthusiasts with scripting skills and understanding of scalability. Eagerness to earn certifications and solve real outages is valued.
JOB_040,Journalism Intern,NewsWave Media,Content/Media,"Kolkata, West Bengal",3 months,"['Reporting', 'Interviewing', 'Fact-checking', 'Writing']","₹8,000/month",8000,"Cover local events, conduct interviews, write news and feature articles, and assist in digital content creation for print and online platforms.","We seek curious, fearless journalists with strong ethics and nose for news. Speed, accuracy, and ability to work odd hours are essential."
JOB_041,iOS Development Intern,SwiftPeak Apps,Tech,"Hyderabad, Telangana",6 months,"['Swift', 'Xcode', 'SwiftUI', 'Firebase']","₹22,000/month",22000,"Build native iOS applications, implement designs, integrate third-party SDKs, and publish apps on the App Store with continuous deployment.",We want Apple ecosystem lovers with clean code practices. Attention to animation details and user experience obsession are highly appreciated.
JOB_042,Sustainability Intern,GreenFuture Consultants,Operations/Sustainability,"Dehradun, Uttarakhand",4 months,"['ESG Reporting', 'Carbon Footprint', 'Research', 'Stakeholder Engagement']","₹10,000/month",10000,"Assist in ESG assessments, sustainability reporting, carbon accounting, and developing green strategies for manufacturing and service companies.",We seek environmentally conscious individuals with research skills and passion for impact. Analytical thinking and clear communication are essential.
JOB_043,Game Development Intern,PlayForge Studios,Tech/Gaming,"Mumbai, Maharashtra",6 months,"['Unity', 'C#', 'Blender', 'Game Design']","₹18,000/month",18000,"Develop gameplay mechanics, create levels, implement UI, optimize performance, and test mobile and PC games in active development.","We look for gamers who code, with creativity and problem-solving skills. Team play, passion for fun, and ability to iterate fast are crucial."
JOB_044,Pharmaceutical Research Intern,BioMed Labs,Research/Healthcare,"Ahmedabad, Gujarat",5 months,"['Lab Techniques', 'Data Analysis', 'Documentation', 'Safety Protocols']","₹15,000/month",15000,"Assist in formulation development, conduct stability studies, analyze samples using HPLC/GC, and maintain GLP documentation.","We seek science graduates with lab discipline and precision. Safety consciousness, observation skills, and scientific curiosity are mandatory."
JOB_045,Influencer Marketing Intern,TrendCollab Agency,Marketing,Delhi NCR,3 months,"['Influencer Outreach', 'Campaign Tracking', 'Negotiation', 'Analytics']","₹12,000/month",12000,"Identify and onboard influencers, manage campaigns, track deliverables, measure ROI, and build long-term creator relationships.",We need social media natives with strong negotiation and relationship skills. Trend awareness and data interpretation ability are key.
JOB_046,Robotics Intern,AutoBotix India,Tech/Robotics,"Chennai, Tamil Nadu",6 months,"['ROS', 'Python', 'Arduino/Raspberry Pi', 'Sensors']","₹20,000/month",20000,"Design, assemble, and program robots for industrial automation and research projects. Test prototypes and document performance.","We seek tinkerers with hardware-software integration skills. Hands-on attitude, patience with debugging, and innovation drive are essential."
JOB_047,Architecture Intern,BuildVision Architects,Design/Architecture,Puducherry,6 months,"['AutoCAD', 'Revit', 'Lumion', 'Site Visits']","₹10,000/month",10000,"Work on concept design, prepare working drawings, create 3D renders, and join site visits for residential and commercial projects.","We look for creative architects with strong technical drawing skills. Site awareness, client interaction ability, and passion for built environment are valued."
JOB_048,Marketplace Operations Intern,BazaarKing E-commerce,Operations,"Jaipur, Rajasthan",4 months,"['Catalog Management', 'Seller Onboarding', 'Dispute Resolution', 'Excel']","₹12,000/month",12000,"Onboard new sellers, manage product listings, resolve disputes, monitor seller performance, and improve marketplace policies.","We need fair, communicative individuals who can balance seller and buyer interests. Quick decision-making and empathy are crucial."
JOB_049,AR/VR Development Intern,MetaVerse Labs,Tech,"Bengaluru, Karnataka",6 months,"['Unity', 'C#', 'Blender', 'Oculus/AR Foundation']","₹25,000/month",25000,"Build immersive AR/VR experiences for training, gaming, and marketing. Optimize for performance and deploy on headsets and mobile.","We seek spatial computing enthusiasts with 3D skills. Creativity, user empathy, and excitement about the metaverse are must-haves."
JOB_050,Corporate Strategy Intern,VisionCore Consulting,Strategy,"Mumbai, Maharashtra",3 months,"['Market Analysis', 'Financial Modeling', 'Presentation', 'Research']","₹30,000/month",30000,"Support strategy projects, conduct industry research, build business cases, create board presentations, and participate in client workshops.","We look for top-tier thinkers with structured problem-solving and storytelling skills. Professionalism, curiosity, and ability to synthesize information fast are essential."
JOB_051,Wildlife Conservation Intern,EcoGuard Foundation,Environment/NGO,"Ranthambore, Rajasthan",4 months,"['Field Work', 'Data Collection', 'GIS Basics', 'Report Writing']","₹8,000 + Accommodation",8000,"Assist in tiger monitoring, camera trapping, community outreach, anti-poaching patrols, and conservation data analysis.","We seek nature lovers ready for fieldwork in tough conditions. Physical fitness, teamwork, and commitment to conservation cause are mandatory."
JOB_052,Data Engineering Intern,DataFlow Systems,Data/Tech,"Hyderabad, Telangana",6 months,"['Python', 'Spark', 'Airflow', 'SQL', 'AWS/GCP']","₹25,000/month",25000,"Build and maintain ETL pipelines, optimize data lakes, automate workflows, and ensure data quality for analytics and ML teams.","We look for engineers who love big data and reliability. Strong coding, system thinking, and ownership of data infrastructure are essential."
JOB_053,Psychology Research Intern,MindSpace Research Institute,Research/Psychology,"Pune, Maharashtra",5 months,"['SPSS', 'Survey Design', 'Literature Review', 'Ethics']","₹10,000/month",10000,"Assist in designing experiments, collecting and analyzing psychological data, literature reviews, and preparing research papers.","We seek psychology students with scientific rigor and empathy. Attention to ethical standards, statistical knowledge, and curiosity are required."
JOB_054,Logistics Intern,SpeedFreight India,Operations,"Mundra, Gujarat",4 months,"['Route Optimization', 'Excel', 'Coordination', 'Tracking Systems']","₹12,000 + Accommodation",12000,"Optimize transport routes, track shipments in real-time, coordinate with drivers and warehouses, and reduce delivery costs.","We need alert, decisive individuals who thrive in high-pressure logistics environments. Geographical knowledge and stress handling are essential."
JOB_055,Music Production Intern,BeatBox Studio,Media/Music,Goa,5 months,"['Ableton/FL Studio', 'Mixing', 'Sound Design', 'MIDI']","₹10,000/month",10000,"Assist in recording, editing, mixing tracks, creating beats, and working with artists on commercial and independent music projects.","We seek music lovers with good ears and technical skills. Creativity, collaboration with artists, and passion for sound are crucial."
JOB_056,Policy Research Intern,IndiaThink Council,Research/Policy,New Delhi,4 months,"['Policy Analysis', 'Report Writing', 'Data Interpretation', 'Stakeholder Interviews']","₹15,000/month",15000,"Research public policy issues, draft policy briefs, analyze government data, and support roundtables on education, health, and economy.","We look for analytically sharp individuals with interest in governance. Excellent writing, objectivity, and intellectual honesty are essential."
JOB_057,Embedded Systems Intern,IoTWorks Technologies,Tech,"Coimbatore, Tamil Nadu",6 months,"['C/C++', 'Arduino/ESP32', 'PCB Basics', 'Sensors']","₹18,000/month",18000,"Develop firmware for IoT devices, design prototypes, test hardware-software integration, and deploy industrial solutions.","We seek hardware enthusiasts with strong C programming. Debugging patience, circuit understanding, and innovation mindset are required."
JOB_058,Travel Experience Intern,Wanderlust Journeys,Operations/Tourism,"Leh, Ladakh",4 months,"['Itinerary Planning', 'Customer Handling', 'Local Coordination', 'Crisis Management']","₹10,000 + Stay",10000,"Design tour packages, coordinate with local guides and hotels, handle on-ground operations, and ensure memorable guest experiences.","We need adventure-loving, resourceful individuals who can manage high-altitude challenges. Hospitality mindset and problem-solving in remote areas are key."
JOB_059,Quantitative Research Intern,AlphaQuant Capital,Finance/Quant,"Mumbai, Maharashtra",6 months,"['Python', 'Statistics', 'Time Series', 'Backtesting']","₹40,000/month",40000,"Develop trading strategies, backtest algorithms, analyze market data, and implement quantitative models for equity and derivatives.","We seek math and coding prodigies with strong probability knowledge. Intellectual rigor, attention to risk, and passion for markets are essential."
JOB_060,Social Impact Intern,ChangeMaker NGO,NGO/Social Work,"Dharamshala, Himachal Pradesh",5 months,"['Community Work', 'Fundraising', 'Documentation', 'Empathy']","₹8,000 + Accommodation",8000,"Work on education and women empowerment programs, conduct field visits, document impact stories, and support grant applications.","We seek compassionate, resilient individuals committed to social change. Cultural sensitivity, initiative, and grassroots mindset are crucial."
JOB_061,Flutter Development Intern,CrossApp Solutions,Tech,"Indore, Madhya Pradesh",6 months,"['Dart', 'Flutter', 'Firebase', 'State Management']","₹18,000/month",18000,"Build cross-platform mobile apps, implement beautiful UIs, integrate backend services, and deploy on both Play Store and App Store.","We look for mobile developers who value performance and design. Fast learning, clean architecture habits, and teamwork are essential."
JOB_062,Film Direction Intern,CineDream Productions,Media/Film,"Hyderabad, Telangana",5 months,"['Script Breakdown', 'Shot Listing', 'Assistant Directing', 'Continuity']","₹12,000/month",12000,"Assist directors on sets of Telugu/Hindi films and web series, manage continuity, coordinate with departments, and learn filmmaking workflows.","We seek cinema-passionate individuals ready for long shoots. Leadership, observation skills, and ability to handle pressure are required."
JOB_063,Startup Operations Intern,VentureBase Co.,Operations,"Bengaluru, Karnataka",4 months,"['Startup Hustle', 'Coordination', 'Metrics Tracking', 'Tool Stack']","₹15,000/month",15000,"Support multiple functions — HR, finance, marketing, and product — in a fast-growing startup. Own projects end-to-end and wear many hats.","We need all-rounders who thrive in chaos and take ownership. Resourcefulness, speed, and no-ego attitude are absolutely critical."
JOB_064,Culinary R&D Intern,FlavorLab Foods,F&B/Product,"Mumbai, Maharashtra",4 months,"['Recipe Development', 'Food Safety', 'Sensory Testing', 'Documentation']","₹12,000 + Meals",12000,"Develop new food products, test recipes at scale, conduct sensory panels, and ensure compliance with FSSAI standards.","We seek food-passionate individuals with palate and creativity. Hygiene consciousness, teamwork, and documentation discipline are essential."
JOB_065,E-commerce Operations Intern,ShopSwift Retail,Operations,Delhi NCR,5 months,"['Order Management', 'Inventory Sync', 'Customer Support', 'Analytics']","₹14,000/month",14000,"Manage orders across marketplaces, sync inventory, resolve customer issues, and optimize fulfillment processes for fashion and electronics.","We need detail-oriented, fast-thinking individuals who can handle high order volumes. Tech-savviness and customer empathy are key."
JOB_066,Radio Jockey Intern,PulseFM 93.5,Media/Radio,"Jaipur, Rajasthan",3 months,"['Voice Modulation', 'Scripting', 'Live Shows', 'Audience Engagement']","₹10,000/month",10000,"Host live shows, create engaging content, conduct celebrity interviews, run contests, and manage social media for the radio station.","We seek energetic, witty individuals with great voice and spontaneity. Confidence on air and connection with listeners are must-haves."
JOB_067,Renewable Energy Intern,SolarPeak Energy,Energy/Engineering,"Jodhpur, Rajasthan",5 months,"['Solar Design', 'AutoCAD', 'PVSyst', 'Site Assessment']","₹15,000/month",15000,"Design solar PV systems, conduct site surveys, prepare DPRs, and support project execution for rooftop and ground-mounted plants.","We look for engineers passionate about clean energy. Technical accuracy, field readiness, and sustainability commitment are essential."
JOB_068,Translation Intern,LinguaBridge Services,Content/Translation,"Kolkata, West Bengal",4 months,"['English-Hindi-Bengali', 'CAT Tools', 'Cultural Nuances', 'Proofreading']","₹10,000/month",10000,"Translate documents, subtitles, marketing content, and legal texts while maintaining tone, context, and cultural accuracy.","We seek bilingual individuals with exceptional language command and cultural sensitivity. Precision, consistency, and deadline adherence are crucial."
JOB_069,Fitness Product Intern,FitPulse HealthTech,Product/Health,"Pune, Maharashtra",6 months,"['User Research', 'Fitness Knowledge', 'Prototyping', 'Data Analysis']","₹18,000/month",18000,"Help design features for fitness app and wearables, conduct user interviews with athletes, analyze workout data, and run beta tests.","We need fitness enthusiasts who understand training science. User empathy, data curiosity, and personal discipline are highly valued."
JOB_070,Agricultural Tech Intern,AgriSmart Solutions,AgriTech,"Nashik, Maharashtra",5 months,"['IoT', 'Data Analysis', 'Farmer Interaction', 'Sensors']","₹12,000 + Stay",12000,"Deploy soil and weather sensors, collect farm data, train farmers on app usage, and improve precision agriculture solutions.","We seek rural-savvy individuals comfortable with fieldwork and farmers. Technical aptitude, patience, and agricultural interest are essential."
JOB_071,Podcast Production Intern,AudioWave Network,Media/Content,"Bengaluru, Karnataka",4 months,"['Audio Editing', 'Guest Booking', 'Scripting', 'Distribution']","₹12,000/month",12000,"Edit episodes, book high-profile guests, write show notes, create audiograms, and grow podcast audience across platforms.","We look for audio enthusiasts with storytelling sense. Networking skills, attention to sound quality, and hustle are crucial."
JOB_072,Real Estate Research Intern,PropertyPulse Analytics,Real Estate,"Gurugram, Haryana",4 months,"['Market Research', 'Excel', 'Report Writing', 'RERA Knowledge']","₹15,000/month",15000,"Analyze property trends, track price movements, prepare investment reports, and support due diligence for residential and commercial projects.","We seek analytical minds with interest in real estate dynamics. Accuracy, research rigor, and presentation skills are essential."
JOB_073,Animation Intern,ToonMagic Studio,Animation,"Mumbai, Maharashtra",6 months,"['2D/3D Animation', 'After Effects', 'Character Rigging', 'Storyboarding']","₹15,000/month",15000,"Work on animated series, commercials, and explainer videos. Create character animations, clean-ups, and composites for broadcast and OTT.","We seek artists with strong drawing fundamentals and animation timing. Teamwork, feedback reception, and passion for movement are required."
JOB_074,EdTech Content Intern,LearnEasy Platform,Content/EdTech,"Noida, Uttar Pradesh",4 months,"['Curriculum Design', 'Video Scripting', 'Quiz Creation', 'Subject Expertise']","₹12,000/month",12000,"Create engaging lessons for K-12 and competitive exams (JEE/NEET/UPSC), write scripts, design quizzes, and review accuracy.","We need subject matter lovers who can teach simply. Clarity in explanation, creativity in engagement, and accuracy obsession are key."
JOB_075,VFX Intern,MagicFrame VFX,Video Editing/VFX,"Chennai, Tamil Nadu",6 months,"['Nuke', 'After Effects', 'Rotoscoping', 'Compositing']","₹18,000/month",18000,"Work on South Indian and Bollywood films for rotoscoping, clean-up, compositing, and matchmove tasks in live productions.",We seek detail-obsessed artists with patience for frame-by-frame work. Understanding of film pipelines and teamwork are essential.
JOB_076,FinTech Product Intern,PaySwift India,Product/FinTech,"Mumbai, Maharashtra",6 months,"['UPI Knowledge', 'User Flows', 'Competitor Analysis', 'Metrics']","₹25,000/month",25000,"Help design features for digital payments, lending, and investment app. Conduct user research, create prototypes, and track product KPIs.","We seek product thinkers with understanding of Indian financial behavior. Curiosity, empathy, and data-driven decisions are must-haves."
JOB_077,Wildlife Photography Intern,NatureLens Collective,Media/Photography,"Corbett, Uttarakhand",4 months,"['DSLR', 'Wildlife Knowledge', 'Editing', 'Patience']","₹10,000 + Stay",10000,"Accompany safaris, capture wildlife behavior, edit images, create content for conservation campaigns and stock sales.","We need passionate photographers comfortable in jungles. Respect for wildlife, ethical shooting, and storytelling through images are essential."
JOB_078,HR Tech Intern,PeopleSync Software,Tech/HR,"Pune, Maharashtra",6 months,"['React', 'Node.js', 'HR Domain', 'UI/UX']","₹20,000/month",20000,"Build features for HRMS platform — payroll, attendance, performance modules. Work with HR experts to solve real pain points.","We look for developers interested in HR processes. Empathy for users, clean code, and domain learning willingness are valued."
JOB_079,Mental Health Support Intern,MindCare Foundation,Healthcare/NGO,"Bengaluru, Karnataka",5 months,"['Active Listening', 'Psychology Basics', 'Empathy', 'Confidentiality']","₹10,000/month",10000,"Provide telephonic and chat-based emotional support, conduct awareness workshops, and assist therapists in follow-ups.","We seek compassionate, non-judgmental individuals with emotional maturity. Boundary maintenance, self-care awareness, and genuine care are mandatory."
JOB_080,Space Tech Intern,OrbitX Labs,Aerospace,"Hyderabad, Telangana",6 months,"['MATLAB', 'Orbital Mechanics', 'Python', 'Satellite Systems']","₹25,000/month",25000,"Support satellite payload design, orbit analysis, ground station software, and mission planning for small satellite projects.","We seek space enthusiasts with strong physics and math foundation. Precision, big-picture thinking, and passion for space exploration are essential."
JOB_081,Luxury Retail Intern,Elite Boutique,Retail/Sales,Delhi,4 months,"['Clienteling', 'Product Knowledge', 'Etiquette', 'Sales']","₹15,000 + Commission",15000,"Assist high-net-worth clients, manage inventory of luxury watches and jewelry, ensure store presentation, and drive sales targets.","We need polished, confident individuals with impeccable grooming and communication. Discretion, relationship-building, and luxury sensibility are crucial."
JOB_082,Bioinformatics Intern,GeneCode Labs,Biotech,"Bengaluru, Karnataka",6 months,"['Python/R', 'NGS Analysis', 'Linux', 'Statistics']","₹20,000/month",20000,"Analyze genomic data, build pipelines for variant calling, annotate genes, and support research in oncology and rare diseases.",We seek biology-coding hybrids with attention to scientific detail. Curiosity about genomics and pipeline reliability are essential.
JOB_083,Comedy Writing Intern,LaughFactory Media,Content/Comedy,"Mumbai, Maharashtra",4 months,"['Joke Writing', 'Sketch Writing', 'Timing', 'Observation']","₹12,000/month",12000,"Write jokes, sketches, and scripts for stand-up comedians, YouTube channels, and live shows. Participate in writers' room.","We need naturally funny people with original voice. Thick skin for feedback, quick wit, and understanding of Indian humor are must-haves."
JOB_084,Drone Technology Intern,SkyBotix India,Tech/Robotics,Chandigarh,5 months,"['Drone Piloting', 'FPV', 'Assembly', 'Flight Controllers']","₹15,000/month",15000,"Build and test drones, develop autonomous flight code, conduct mapping surveys, and support delivery and surveillance projects.","We seek drone enthusiasts with technical and flying skills. Safety consciousness, innovation, and teamwork in field operations are essential."
JOB_085,Art Curation Intern,GalleryOne,Arts/Curation,Delhi,4 months,"['Art History', 'Exhibition Design', 'Artist Liaison', 'Writing']","₹12,000/month",12000,"Assist in curating contemporary art exhibitions, write catalog essays, coordinate with artists, and manage opening events.","We look for art lovers with aesthetic sensitivity and research skills. Communication finesse, networking ability, and passion for Indian art are crucial."
JOB_086,HealthTech Operations Intern,MedConnect Platform,Operations/HealthTech,"Chennai, Tamil Nadu",5 months,"['Doctor Onboarding', 'Patient Support', 'Process Design', 'Analytics']","₹15,000/month",15000,"Onboard hospitals and doctors, resolve patient queries, streamline teleconsultation flow, and improve platform NPS.","We need empathetic organizers who understand healthcare sensitivity. Process thinking, patience, and growth mindset are essential."
JOB_087,Voice Acting Intern,VoiceVerse Studio,Media/Dubbing,"Mumbai, Maharashtra",4 months,"['Voice Modulation', 'Dubbing', 'Accents', 'Script Reading']","₹15,000/month",15000,"Dub for animations, commercials, audiobooks, and regional films. Record, direct sessions, and edit voiceovers.","We seek versatile voices with acting talent. Range, emotional delivery, and studio discipline are mandatory."
JOB_088,Climate Research Intern,EarthWatch Institute,Research/Environment,"Dehradun, Uttarakhand",6 months,"['Climate Modeling', 'GIS', 'Data Analysis', 'Field Work']","₹12,000 + Stay",12000,"Study Himalayan glacier melt, analyze satellite data, conduct field measurements, and contribute to climate impact reports.","We seek environmentally conscious researchers ready for mountain fieldwork. Physical fitness, scientific rigor, and passion for climate action are essential."
JOB_089,Gaming Community Intern,GameZone Esports,Marketing/Gaming,"Hyderabad, Telangana",4 months,"['Community Management', 'Discord', 'Event Hosting', 'Content']","₹12,000/month",12000,"Grow gaming communities, host tournaments, create content, moderate Discord servers, and engage players daily.","We need hardcore gamers with leadership and communication skills. Toxicity-free attitude, creativity, and 24/7 gaming culture understanding are crucial."
JOB_090,Jewelry Design Intern,Ornate Crafts,Design,"Jaipur, Rajasthan",5 months,"['Rhino', 'Gemvision Matrix', 'Hand Sketching', 'Gemology Basics']","₹10,000/month",10000,"Design traditional and contemporary jewelry, create CAD models, assist in stone setting, and support production.",We seek artistic individuals with eye for detail and luxury. Understanding of Indian aesthetics and craftsmanship respect are essential.
JOB_091,AI Ethics Intern,ResponsibleAI India,Research/AI,Delhi,4 months,"['Ethics Frameworks', 'Bias Analysis', 'Policy Writing', 'Research']","₹18,000/month",18000,"Research AI bias cases, develop ethical guidelines, audit models, and create awareness content for Indian context.","We seek philosophically inclined techies with critical thinking. Moral clarity, articulation skills, and balanced perspective are required."
JOB_092,Wedding Planning Intern,DreamDay Weddings,Events,"Udaipur, Rajasthan",5 months,"['Vendor Management', 'Budgeting', 'Design', 'Client Handling']","₹12,000 + Tips",12000,"Plan luxury destination weddings, coordinate with venues, manage timelines, and execute flawless events for high-profile clients.","We need calm, creative individuals who thrive under wedding pressure. Aesthetics sense, negotiation, and grace under fire are essential."
JOB_093,Quantum Computing Intern,Qubit Labs India,Research/Tech,"Bengaluru, Karnataka",6 months,"['Python', 'Qiskit', 'Linear Algebra', 'Quantum Algorithms']","₹30,000/month",30000,"Implement quantum algorithms, simulate circuits, research quantum machine learning, and contribute to open-source projects.",We seek brilliant minds with strong math and curiosity about quantum physics. Abstract thinking and perseverance are essential.
JOB_094,Theatre Production Intern,StageCraft Collective,Performing Arts,"Kolkata, West Bengal",4 months,"['Stage Management', 'Lighting', 'Props', 'Coordination']","₹8,000/month",8000,"Assist in mounting theatre productions, manage rehearsals, handle backstage during shows, and support touring plays.","We need theatre lovers with stamina for long hours. Team spirit, quick thinking, and passion for live performance are crucial."
JOB_095,Sports Analytics Intern,GamePlan Analytics,Data/Sports,"Mumbai, Maharashtra",5 months,"['Python', 'Statistics', 'Video Analysis', 'Cricket/Football Knowledge']","₹20,000/month",20000,"Analyze match footage, build player performance models, track metrics, and provide insights to coaches and fantasy platforms.","We seek sports nerds who live for data. Deep game understanding, statistical rigor, and storytelling ability are essential."
JOB_096,Organic Farming Intern,PureHarvest Farms,Agriculture,"Coorg, Karnataka",6 months,"['Farming', 'Composting', 'Crop Management', 'Physical Work']","₹8,000 + Stay & Food",8000,"Work on organic coffee and spice plantation, learn natural farming techniques, help with harvest, and support farm-to-table supply.","We need nature-loving individuals ready for physical farm work. Sustainability commitment, learning attitude, and respect for soil are essential."
JOB_097,Metaverse Design Intern,VirtualWorld Builders,Design/Tech,"Hyderabad, Telangana",5 months,"['Blender', 'Unity', 'Spatial Design', 'VR Experience']","₹20,000/month",20000,"Design virtual spaces, events, and avatars for metaverse platforms. Optimize for performance and create immersive experiences.",We seek 3D artists with spatial imagination. Understanding of virtual social dynamics and creativity are crucial.
JOB_098,Astrology Content Intern,JyotishGuru App,Content/Astrology,"Varanasi, Uttar Pradesh",4 months,"['Vedic Astrology', 'Writing', 'Horoscope Crafting', 'Research']","₹10,000/month",10000,"Write daily/weekly horoscopes, create astrology educational content, research planetary transits, and support pandits.","We need believers or respectful learners of Vedic astrology. Accurate calculation, empathetic writing, and cultural sensitivity are essential."
JOB_099,Dance Choreography Intern,Nritya Studio,Performing Arts,Delhi,5 months,"['Dance Forms', 'Choreography', 'Teaching', 'Video Editing']","₹12,000/month",12000,"Assist in creating dance routines for Bollywood, weddings, and YouTube. Teach classes and shoot dance reels.","We seek trained dancers with creativity and teaching ability. Rhythm, energy, and collaboration with music are mandatory."
JOB_100,Forensic Science Intern,TruthLabs Forensic Services,Forensics,"Hyderabad, Telangana",4 months,"['Evidence Handling', 'Lab Techniques', 'Report Writing', 'Attention to Detail']","₹15,000/month",15000,"Assist in document examination, fingerprint analysis, cyber forensics, and crime scene processing for legal cases.","We seek science graduates with investigative mindset. Ethics, precision, and ability to maintain chain of custody are non-negotiable."
JOB_101,Yoga Instruction Intern,Sattva Yoga Academy,Wellness,"Rishikesh, Uttarakhand",6 months,"['Asana', 'Pranayama', 'Philosophy', 'Teaching Skills']","₹10,000 + Stay & Meals",10000,"Assist in teaching yoga classes, lead meditation sessions, study traditional texts, and support teacher training programs.","We seek dedicated yogis living the path. Discipline, compassion, and authentic transmission of knowledge are essential."
JOB_102,Web3 Community Intern,CryptoIndia DAO,Marketing/Web3,Remote (based in Pan India),4 months,"['Discord/Telegram', 'Meme Creation', 'Airdrop Management', 'Crypto Knowledge']","₹15,000 + Tokens",15000,"Grow Web3 community, host AMAs, create engagement content, moderate channels, and support token launches.","We need crypto-native community builders. 24/7 availability, humor, and deep blockchain understanding are crucial."
JOB_103,Perfume Creation Intern,AromaCraft Atelier,Product/Fragrance,"Kannauj, Uttar Pradesh",5 months,"['Olfaction', 'Blending', 'Natural Essences', 'Bottle Design']","₹12,000 + Stay",12000,"Learn traditional attar making, create modern perfumes, blend notes, and develop signature scents for luxury brands.","We seek individuals with sensitive nose and artistic blending sense. Patience, tradition respect, and creativity are essential."
JOB_104,Ethical Hacking Intern,CyberShield Labs,Cybersecurity,"Bhopal, Madhya Pradesh",6 months,"['Kali Linux', 'Burp Suite', 'Nmap', 'Report Writing']","₹18,000/month",18000,"Conduct authorized penetration tests on web applications and networks, identify vulnerabilities, perform exploit attempts, and draft detailed security reports. You will work under senior pentesters and learn industry-standard methodologies like OWASP and PTES.","We are looking for curious individuals with a strong ethical mindset and passion for breaking systems legally. Self-learning ability, patience during reconnaissance, and clear documentation skills are essential. You must respect confidentiality and rules of engagement at all times."
JOB_105,Augmented Reality Intern,ARVision Tech,AR/VR,"Pune, Maharashtra",5 months,"['Unity', 'AR Foundation', 'C#', '3D Modeling']","₹22,000/month",22000,"Develop AR filters, product visualization apps, and interactive marketing experiences for e-commerce and education clients. You will prototype ideas, test on devices, and deploy to app stores.","We seek creative tech enthusiasts who love blending digital with real world. Strong spatial thinking, attention to performance on mobile, and excitement about new hardware are highly valued."
JOB_106,Wildlife Filmmaking Intern,JungleLens Productions,Media/Wildlife,"Kaziranga, Assam",4 months,"['DSLR Cinematography', 'Gimbal', 'Wildlife Behavior', 'Editing']","₹12,000 + Stay",12000,"Shoot documentaries on rhinos and elephants, operate camera traps, assist in editing sequences, and learn storytelling for conservation films.","We need patient nature lovers comfortable in forests for weeks. Physical fitness, respect for wildlife distance rules, and storytelling passion are mandatory."
JOB_107,Technical Writing Intern,DocuSmart Solutions,Content/Technical Writing,"Hyderabad, Telangana",4 months,"['Markdown', 'API Documentation', 'MadCap Flare', 'Diagrams']","₹15,000/month",15000,"Write user manuals, API docs, help articles, and release notes for SaaS products. You will interview engineers, create diagrams, and maintain knowledge bases.",We look for clear communicators who can translate complex tech into simple language. Curiosity to understand products deeply and obsession with consistency are key.
JOB_108,Sound Design Intern,SonicCraft Studio,Audio/Media,"Mumbai, Maharashtra",5 months,"['Pro Tools', 'Foley', 'Sound Effects', 'Mixing']","₹14,000/month",14000,"Create sound effects and atmospheres for films, games, and ads. Record foley, clean dialogues, and deliver final mixes in surround sound.","We seek individuals with golden ears and creative imagination. Attention to detail, library organization, and ability to match director’s vision are crucial."
JOB_109,Urban Planning Intern,CityFuture Consultants,Architecture/Urban Planning,"Ahmedabad, Gujarat",6 months,"['GIS', 'AutoCAD', 'Master Planning', 'Public Policy']","₹12,000/month",12000,"Assist in preparing development plans, transit-oriented projects, and smart city proposals. Conduct site analysis, stakeholder workshops, and policy research.","We want socially conscious planners who think about livability and sustainability. Strong research, presentation skills, and understanding of Indian urban challenges are essential."
JOB_110,Stock Market Research Intern,EquityEdge Research,Finance,"Indore, Madhya Pradesh",3 months,"['Fundamental Analysis', 'Excel Modeling', 'Screener.in', 'Report Writing']","₹10,000/month",10000,"Analyze listed companies, build valuation models, track quarterly results, and write daily morning notes for retail investors.","We seek number-loving students with genuine interest in markets. Discipline to read annual reports, unbiased thinking, and clear writing are must-haves."
JOB_111,Fashion Styling Intern,StyleVibe Studio,Fashion,Delhi,4 months,"['Mood Boards', 'Shoot Styling', 'Trend Forecasting', 'Photoshop']","₹12,000/month",12000,"Style e-commerce shoots, celebrity photoshoots, and magazine editorials. Pull clothes, create looks, and assist on set.","We need trend-obsessed individuals with strong visual sense. Confidence with high-value garments, organization, and networking skills are essential."
JOB_112,NLP Engineer Intern,LangTech AI,ML/NLP,"Bengaluru, Karnataka",6 months,"['Transformers', 'Hugging Face', 'Indic Languages', 'Python']","₹30,000/month",30000,"Fine-tune multilingual models, build chatbots in Hindi/Tamil, create datasets, and deploy on cloud for customer support automation.","We seek language + code lovers passionate about Indian languages. Research mindset, experimentation rigor, and collaboration are highly valued."
JOB_113,Coffee Roasting Intern,BrewMountain Roasters,F&B,"Chikmagalur, Karnataka",5 months,"['Cupping', 'Roasting Profiles', 'Quality Control', 'Packaging']","₹12,000 + Stay",12000,"Roast specialty Arabica beans, conduct cupping sessions, develop new blends, and learn farm-to-cup supply chain.","We need coffee fanatics with sensitive palates. Willingness to work on plantations, attention to roast consistency, and customer education skills are essential."
JOB_114,Political Campaign Intern,VoteWave Strategies,Marketing/Politics,"Lucknow, Uttar Pradesh",3 months,"['Social Media', 'Ground Activation', 'Data Entry', 'Hindi Communication']","₹8,000 + Expenses",8000,"Run booth-level campaigns, manage WhatsApp groups, create posters, and collect voter feedback during election season.","We seek high-energy individuals comfortable in grassroots politics. Resilience, local network, and non-partisan execution ability are required."
JOB_115,Aviation Operations Intern,SkyHub Services,Aviation,"Guwahati, Assam",4 months,"['Airport Ops', 'DGCA Basics', 'Coordination', 'Safety']","₹15,000/month",15000,"Assist in ground handling, passenger services, ramp coordination, and safety audits at regional airports.","We need alert, responsible individuals who thrive in time-critical environments. English + regional language fluency and grooming standards are mandatory."
JOB_116,Handicraft Design Intern,CraftRoot India,Design/Handicrafts,"Jodhpur, Rajasthan",5 months,"['Block Printing', 'Embroidery', 'Product Design', 'Photography']","₹10,000 + Stay",10000,Design new home decor and apparel lines using traditional Rajasthani crafts. Work directly with artisans and launch on e-commerce.,"We seek designers who respect traditional techniques while adding modern appeal. Cultural sensitivity, patience with artisans, and business sense are essential."
JOB_117,Clinical Psychology Intern,MindHeal Clinic,Psychology,"Kochi, Kerala",6 months,"['Case History', 'Therapy Assistance', 'Psychometry', 'Ethics']","₹12,000/month",12000,"Assist therapists in sessions, administer psychological tests, maintain case files, and conduct group therapy under supervision.","We look for empathetic, non-judgmental psychology students. Strict confidentiality, emotional stability, and genuine desire to help are non-negotiable."
JOB_118,Tea Tasting Intern,AssamBrew Estates,F&B/Tea,"Jorhat, Assam",5 months,"['Tea Cupping', 'Grading', 'Blending', 'Sensory Evaluation']","₹12,000 + Stay",12000,"Taste and grade CTC and orthodox teas, create new blends, visit gardens, and learn auction processes.",We need individuals with refined palate and passion for tea. Willingness to live on estates and scientific approach to tasting are required.
JOB_119,Museum Curation Intern,HeritageMuse India,Arts/Heritage,"Jaipur, Rajasthan",4 months,"['Exhibit Design', 'Research', 'Cataloging', 'Visitor Engagement']","₹10,000/month",10000,"Curate temporary exhibitions, write labels, digitize artifacts, and conduct guided tours on Indian history and culture.","We seek history buffs with storytelling ability. Research depth, public speaking, and respect for artifacts are essential."
JOB_120,Solar Sales Intern,SunPower Solutions,Sales/Renewable Energy,"Rajkot, Gujarat",3 months,"['Cold Calling', 'Site Survey', 'Proposal Making', 'Gujarati']","₹10,000 + Commission",10000,"Generate leads for rooftop solar, conduct energy audits, prepare quotations, and close deals with homeowners and factories.","We need confident communicators who can explain technical + financial benefits. Hustle, local travel willingness, and closing skills are key."
JOB_121,Script Writing Intern,DramaBox OTT,Content/Scriptwriting,"Mumbai, Maharashtra",5 months,"['Hindi Screenwriting', 'Character Arcs', 'Short Format', 'Final Draft']","₹15,000/month",15000,"Write short-form web series episodes, daily soaps, and reels for OTT platforms. Participate in writers’ room and pitching.","We seek storytellers with strong Hindi dialogue and emotional understanding of Indian audiences. Speed, collaboration, and thick skin for notes are essential."
JOB_122,Gemology Intern,GemCert Labs,Gemology,"Surat, Gujarat",4 months,"['Diamond Grading', 'Microscope', '4Cs', 'Certification']","₹12,000/month",12000,"Grade diamonds and colored stones, issue certificates, learn spectroscopy, and handle client verifications.",We need detail-obsessed individuals with steady hands and color perception. Integrity and passion for gems are non-negotiable.
JOB_123,Adventure Tourism Intern,ThrillPeak Adventures,Tourism,"Manali, Himachal Pradesh",5 months,"['Trekking', 'Safety Protocols', 'Guest Handling', 'First Aid']","₹12,000 + Stay",12000,"Lead trekking and paragliding groups, ensure safety, manage logistics, and create content for social media.","We seek fit, outdoorsy individuals certified in basic mountaineering. Leadership in emergencies, cheerfulness, and guest safety focus are mandatory."
JOB_124,Pharmacy Operations Intern,MedPlus Retail,Healthcare/Pharmacy,"Vijayawada, Andhra Pradesh",4 months,"['Inventory', 'Prescription Reading', 'Customer Service', 'GST Billing']","₹10,000/month",10000,"Manage stock, dispense medicines, counsel patients, handle insurance claims, and ensure regulatory compliance.","We need responsible B.Pharm students with accuracy in dispensing. Ethical selling, empathy, and knowledge of generics are required."
JOB_125,Ceramic Design Intern,ClayStory Studio,Design/Ceramics,"Khurja, Uttar Pradesh",5 months,"['Wheel Throwing', 'Glazing', 'Kiln Firing', 'Product Design']","₹10,000 + Stay",10000,"Design tableware and decor items, experiment with clays and glazes, assist production, and develop new collections.","We seek hands-on artists who love getting dirty with clay. Patience with firing failures, creativity, and understanding of Indian aesthetics are essential."
JOB_126,Radio Programming Intern,Mirchi 98.3 FM,Media/Radio,"Patna, Bihar",3 months,"['Show Planning', 'RJ Skills', 'Audio Editing', 'Caller Interaction']","₹12,000/month",12000,"Plan and execute radio segments, go live on air, edit jingles, and manage listener contests.","We need energetic voices with perfect Hindi/English diction. Spontaneity, humor, and ability to connect with masses are crucial."
JOB_127,Textile Design Intern,FabricLoom Mills,Textile Design,"Bhagalpur, Bihar",5 months,"['Handloom Weaving', 'Natural Dyes', 'Pattern Design', 'CAD']","₹10,000 + Stay",10000,"Create new Tussar silk designs, work with weavers, experiment with natural dyes, and develop sustainable collections.",We seek designers passionate about Indian textiles and artisan empowerment. Respect for slow craft and innovation balance are essential.
JOB_128,Cricket Analytics Intern,BatBall Insights,Sports Analytics,"Chennai, Tamil Nadu",4 months,"['R/Python', 'Match Data', 'Video Coding', 'IPL Knowledge']","₹18,000/month",18000,"Code ball-by-ball data, build player performance models, create match-up insights, and support IPL franchises.","We need cricket statisticians who breathe the game. Deep tactical understanding, coding skills, and storytelling with numbers are required."
JOB_129,Spice Export Intern,FlavorKing Spices,Export/Agri,"Kochi, Kerala",4 months,"['Quality Testing', 'Documentation', 'FSSAI/Spice Board', 'English']","₹12,000/month",12000,"Test cardamom and pepper quality, prepare export documents, coordinate shipments, and learn global standards.",We seek detail-oriented individuals with interest in agri-exports. Sensory skills for spices and documentation accuracy are essential.
JOB_130,Stand-up Comedy Intern,Punchline Comedy Club,Entertainment,"Bengaluru, Karnataka",4 months,"['Open Mic', 'Crowd Work', 'Writing', 'Stage Presence']","₹10,000 + Shows",10000,"Write jokes, perform open mics, host shows, and manage social media for the comedy scene.","We need fearless, quick-witted individuals who can handle bombing nights. Original material, timing, and audience reading are crucial."
JOB_131,Maritime Operations Intern,PortLink Shipping,Logistics/Maritime,"Visakhapatnam, Andhra Pradesh",4 months,"['Container Tracking', 'Customs Clearance', 'Excel', 'Coordination']","₹15,000/month",15000,"Track container movements, coordinate with shipping lines, prepare bills of lading, and learn port operations.","We seek organized individuals comfortable with 24/7 operations. Quick math, pressure handling, and maritime interest are essential."
JOB_132,Calligraphy & Typography Intern,InkCraft Studio,Design/Calligraphy,Delhi,4 months,"['Devanagari', 'Latin Scripts', 'Lettering', 'Packaging']","₹12,000/month",12000,"Create custom wedding invites, brand lettering, packaging typography, and teach workshops.",We need patient artists with steady hands and love for letters. Versatility across scripts and client communication are key.
JOB_133,Dairy Technology Intern,MilkPure Foods,Food Tech/Dairy,"Anand, Gujarat",5 months,"['Pasteurization', 'Quality Testing', 'Cheese Making', 'HACCP']","₹12,000 + Stay",12000,"Assist in milk processing, develop new cheese and yogurt variants, conduct lab tests, and learn cold chain.","We seek food tech students passionate about dairy. Hygiene consciousness, sensory skills, and scientific approach are essential."
JOB_134,Puppetry Arts Intern,KathaKali Puppets,Performing Arts,"Thiruvananthapuram, Kerala",5 months,"['Puppet Making', 'Manipulation', 'Storytelling', 'Performance']","₹10,000 + Stay",10000,"Craft traditional shadow and string puppets, learn manipulation techniques, and perform shows for schools and tourists.","We seek creative individuals interested in preserving folk arts. Dexterity, voice modulation, and dedication to craft are required."
JOB_135,Bamboo Craft Intern,GreenCane Collective,Handicrafts/Sustainability,"Agartala, Tripura",5 months,"['Bamboo Treatment', 'Product Design', 'Artisan Training', 'E-commerce']","₹10,000 + Stay",10000,"Design modern bamboo furniture and lifestyle products, train artisans, and launch collections online.",We need eco-conscious designers who value rural craftsmanship. Patience with artisans and sustainable thinking are essential.
JOB_136,Astrophysics Research Intern,StarWatch Observatory,Research/Astronomy,"Leh, Ladakh",4 months,"['Telescope Operation', 'Python', 'Data Reduction', 'Night Shifts']","₹15,000 + Stay",15000,"Operate high-altitude telescopes, reduce astronomical data, assist public stargazing, and contribute to research papers.","We seek space lovers ready for cold nights and high altitude. Coding skills, patience, and wonder for the universe are required."
JOB_137,Leather Craft Intern,HideArt Studio,Fashion/Leather,"Kanpur, Uttar Pradesh",5 months,"['Pattern Cutting', 'Stitching', 'Vegetable Tanning', 'Design']","₹12,000/month",12000,Design and craft premium leather bags and accessories using ethical tanning methods.,We need meticulous crafters with love for natural materials. Precision stitching and premium quality obsession are essential.
JOB_138,Folk Music Research Intern,SwarSangam Archive,Music/Ethnomusicology,"Shantiniketan, West Bengal",6 months,"['Field Recording', 'Transcription', 'Baul/Bhatiali Knowledge', 'Documentation']","₹10,000 + Stay",10000,"Travel to villages to record folk musicians, transcribe songs, digitize archives, and create educational content.",We seek musicologists passionate about preserving Bengal’s folk heritage. Humility with rural artists and research rigor are mandatory.
JOB_139,Terracotta Design Intern,MittiArt Pottery,Design/Terracotta,"Bankura, West Bengal",5 months,"['Wheel Throwing', 'Horsehair Raku', 'Temple Art', 'Firing']","₹10,000 + Stay",10000,Revive traditional Bankura horse and temple motifs in contemporary products while training local potters.,We need artists who respect centuries-old techniques. Physical stamina for kiln work and cultural sensitivity are essential.
JOB_140,Railway Operations Intern,SpeedRail Logistics,Logistics/Railways,"Bilaspur, Chhattisgarh",4 months,"['Parcel Management', 'Rake Planning', 'FOIS', 'Safety']","₹15,000/month",15000,"Assist in parcel and freight train operations, track rakes, coordinate loading/unloading, and learn railway systems.","We seek disciplined individuals fascinated by railways. Attention to timetables, safety consciousness, and coordination skills are required."
JOB_141,Silk Saree Design Intern,KanchiSilk Weaves,Textile Design,"Kanchipuram, Tamil Nadu",5 months,"['Zari Design', 'Motif Creation', 'Korvai Technique', 'Photoshop']","₹12,000 + Stay",12000,"Design new Kanchipuram silk saree patterns, work with master weavers, and document the weaving process.",We need designers who understand the sanctity of handloom sarees. Respect for tradition while innovating is key.
JOB_142,Tribal Jewelry Intern,AdiVibe Crafts,Jewelry/Tribal,"Bastar, Chhattisgarh",5 months,"['Dhokra Casting', 'Bell Metal', 'Tribal Motifs', 'Wax Modeling']","₹10,000 + Stay",10000,"Learn lost-wax Dhokra technique, design tribal jewelry with Gond and Maria artisans, and market GI-tagged products.",We seek designers passionate about tribal art preservation. Living in remote areas and cultural immersion are required.
JOB_143,Classical Dance Intern,NrityaNiketan,Performing Arts,"Thanjavur, Tamil Nadu",6 months,"['Bharatanatyam', 'Choreography', 'Teaching', 'Costume']","₹10,000 + Stay",10000,"Assist in Bharatanatyam arangetram preparations, teach junior students, and perform in temple festivals.",We need dedicated dancers with strong abhinaya and discipline. Devotion to the art form and guru-shishya tradition are essential.
JOB_144,Coir Product Design Intern,CocoCraft Kerala,Design/Coir,"Alappuzha, Kerala",5 months,"['Coir Spinning', 'Product Design', 'Natural Dyes', 'E-commerce']","₹10,000 + Stay",10000,"Design modern coir mats, bags, and decor items using traditional Kerala techniques and sustainable materials.",We seek eco-designers who value women coir workers. Innovation with natural fibers and rural immersion are required.
JOB_145,Railway Operations Intern,SpeedRail Logistics,Logistics/Railways,"Bilaspur, Chhattisgarh",4 months,"['Parcel Management', 'Rake Planning', 'FOIS', 'Safety']","₹15,000/month",15000,"Assist in parcel and freight train operations, track rakes, coordinate loading/unloading, and learn railway systems.","We seek disciplined individuals fascinated by railways. Attention to timetables, safety consciousness, and coordination skills are required."
